playlist_track_id,playlist_id,track_id,added_date
1,34,1146,2020-10-06
2,67,348,2024-08-11
3,120,271,2020-06-23
4,136,887,2021-05-04
5,81,91,2021-08-28
6,72,739,2023-05-09
7,68,1059,2022-07-06
8,81,1007,2026-03-18
9,113,109,2021-03-02
10,59,376,2020-08-09
11,42,957,2023-02-16
12,11,905,2022-12-18
13,125,938,2023-02-28
14,38,254,2022-02-07
15,73,370,2026-03-24
16,131,559,2024-11-19
17,55,1196,2020-09-25
18,147,370,2023-02-08
19,128,194,2022-01-10
20,32,808,2022-10-04
21,83,315,2020-02-15
22,123,930,2025-05-20
23,2,675,2020-11-20
24,116,666,2025-12-26
25,146,265,2021-01-26
26,73,662,2026-01-24
27,19,1121,2024-07-03
28,103,523,2021-04-25
29,103,183,2020-04-06
30,100,825,2022-11-25
31,40,247,2022-08-26
32,111,636,2025-10-05
33,92,197,2026-06-17
34,52,1003,2023-07-16
35,69,1154,2024-07-03
36,109,755,2024-03-14
37,110,191,2020-09-11
38,119,460,2025-11-23
39,40,1015,2024-11-21
40,135,172,2022-08-14
41,21,979,2022-03-05
42,77,510,2024-07-10
43,146,98,2024-02-02
44,132,221,2024-07-14
45,25,952,2025-12-19
46,65,728,2022-10-03
47,129,34,2020-12-22
48,119,368,2026-03-27
49,101,93,2020-07-23
50,77,643,2024-12-15
51,116,543,2022-03-07
52,48,161,2025-10-09
53,28,889,2024-01-01
54,102,239,2020-03-21
55,123,943,2025-07-28
56,125,621,2024-10-12
57,102,620,2020-03-05
58,4,391,2020-01-23
59,49,55,2021-08-21
60,38,496,2023-11-28
61,138,391,2020-05-25
62,119,304,2023-07-01
63,30,341,2021-12-23
64,114,994,2023-01-28
65,116,1199,2021-04-10
66,146,803,2020-06-01
67,27,885,2023-08-24
68,149,1136,2022-01-16
69,103,996,2024-10-24
70,125,475,2025-01-17
71,5,865,2024-06-18
72,17,549,2025-07-16
73,30,1014,2024-11-12
74,115,894,2020-03-10
75,50,962,2022-08-08
76,130,450,2024-11-11
77,120,269,2022-12-23
78,100,854,2026-11-21
79,93,968,2026-03-20
80,54,579,2025-12-03
81,124,265,2021-04-06
82,126,207,2026-07-16
83,78,481,2021-09-02
84,5,735,2022-06-22
85,41,358,2026-09-02
86,17,692,2023-02-20
87,59,248,2024-04-16
88,67,697,2026-06-25
89,12,1141,2022-03-28
90,132,214,2025-01-15
91,118,228,2020-10-20
92,27,1152,2020-09-04
93,43,242,2026-04-12
94,41,599,2025-08-25
95,130,1021,2025-02-05
96,94,686,2026-03-04
97,52,900,2023-01-08
98,122,700,2022-09-06
99,22,545,2022-12-25
100,107,739,2025-11-08
101,39,1085,2023-04-05
102,110,847,2023-08-28
103,133,741,2020-08-05
104,3,1060,2020-02-11
105,81,823,2026-03-14
106,16,806,2026-01-22
107,39,1177,2020-11-23
108,134,606,2023-07-22
109,142,624,2025-12-11
110,89,17,2026-05-17
111,38,828,2023-11-07
112,140,906,2025-06-26
113,104,405,2022-02-02
114,138,686,2023-12-24
115,33,1066,2024-05-07
116,24,1048,2024-05-17
117,88,328,2020-01-26
118,139,530,2021-05-24
119,109,1035,2020-12-02
120,96,532,2025-09-12
121,32,98,2026-11-04
122,115,611,2024-12-01
123,117,695,2021-12-19
124,145,1093,2026-10-08
125,90,613,2022-11-26
126,147,287,2025-07-17
127,64,216,2022-09-19
128,50,740,2023-02-05
129,109,844,2020-02-02
130,109,267,2023-04-15
131,20,757,2025-09-13
132,144,1063,2026-07-28
133,68,1197,2023-11-14
134,113,1003,2025-07-27
135,42,296,2024-03-16
136,118,265,2025-09-28
137,136,242,2025-04-15
138,122,67,2025-03-18
139,95,244,2024-07-04
140,31,757,2024-05-02
141,134,314,2020-06-10
142,96,622,2022-08-01
143,37,292,2026-10-14
144,13,625,2022-04-06
145,126,5,2020-09-12
146,18,92,2023-08-19
147,80,1159,2023-06-26
148,97,974,2026-12-27
149,34,284,2024-11-15
150,116,920,2021-12-11
151,23,839,2023-04-13
152,87,1108,2020-11-15
153,72,182,2026-03-23
154,7,1172,2025-12-10
155,144,254,2025-09-03
156,50,1110,2024-01-19
157,134,388,2026-08-17
158,5,247,2025-09-06
159,5,564,2026-04-08
160,149,910,2020-09-20
161,83,823,2024-01-16
162,6,697,2023-03-14
163,7,1082,2022-07-09
164,24,235,2020-09-06
165,74,295,2021-05-25
166,23,316,2022-07-22
167,44,121,2024-06-06
168,7,120,2022-07-04
169,82,292,2023-06-09
170,97,248,2020-04-08
171,61,1010,2024-09-13
172,30,552,2020-06-15
173,142,834,2020-08-01
174,105,479,2020-05-18
175,26,505,2026-09-21
176,33,624,2024-07-15
177,22,1025,2021-03-12
178,139,345,2026-04-18
179,109,1137,2023-01-01
180,119,593,2025-03-01
181,16,988,2022-10-09
182,98,720,2026-11-07
183,150,1046,2022-01-06
184,137,1154,2020-05-03
185,102,252,2026-03-24
186,143,573,2023-04-20
187,130,652,2025-06-21
188,67,928,2022-04-22
189,83,700,2021-08-20
190,85,33,2025-03-21
191,1,976,2020-01-22
192,45,847,2024-12-23
193,126,805,2024-02-26
194,20,1104,2020-11-15
195,32,723,2026-07-27
196,92,793,2021-12-01
197,32,948,2022-04-15
198,3,454,2025-01-25
199,72,733,2021-02-27
200,78,453,2021-08-12
201,10,575,2023-12-23
202,54,15,2021-11-13
203,29,569,2024-09-16
204,44,1131,2021-11-24
205,145,1158,2021-02-19
206,33,134,2021-05-19
207,59,1072,2025-05-07
208,6,1092,2024-05-22
209,144,930,2020-07-21
210,14,662,2023-07-09
211,32,1062,2023-08-12
212,133,90,2025-04-02
213,72,861,2024-08-11
214,2,803,2021-06-03
215,147,52,2025-04-23
216,109,153,2021-04-06
217,85,637,2020-11-21
218,25,58,2023-07-26
219,7,685,2026-05-08
220,28,970,2021-06-27
221,14,684,2024-04-03
222,113,196,2025-08-19
223,32,176,2020-01-13
224,81,134,2026-03-02
225,114,113,2022-10-21
226,111,135,2020-11-02
227,144,107,2022-07-13
228,25,842,2021-10-26
229,3,929,2023-08-26
230,110,208,2022-11-22
231,7,930,2024-06-19
232,50,222,2020-01-20
233,18,397,2024-03-21
234,131,525,2022-07-16
235,114,381,2021-03-26
236,12,124,2021-05-19
237,112,1051,2025-06-10
238,150,1109,2026-03-05
239,121,633,2024-06-10
240,95,17,2024-10-22
241,38,118,2021-09-27
242,144,112,2023-06-07
243,52,413,2026-02-11
244,49,975,2025-12-15
245,85,1185,2024-06-20
246,77,858,2022-03-04
247,117,87,2023-04-01
248,58,472,2023-10-07
249,62,985,2025-06-26
250,97,421,2023-03-27
251,2,744,2020-02-12
252,8,1137,2020-03-10
253,113,399,2025-10-25
254,93,90,2020-04-07
255,73,357,2021-05-24
256,45,696,2026-09-08
257,46,402,2020-03-27
258,68,208,2020-11-05
259,98,228,2022-04-10
260,117,492,2022-06-22
261,44,1080,2026-10-14
262,17,243,2021-03-26
263,49,393,2024-07-23
264,96,652,2024-07-21
265,63,95,2026-10-19
266,49,1097,2022-03-11
267,64,110,2025-05-28
268,33,1041,2024-08-07
269,21,964,2026-11-20
270,17,343,2024-07-25
271,131,767,2023-09-15
272,46,660,2025-06-17
273,124,1014,2023-05-19
274,103,1196,2025-01-07
275,57,416,2023-04-13
276,56,627,2023-07-19
277,41,767,2022-09-03
278,35,173,2022-08-17
279,91,472,2024-01-15
280,132,689,2023-08-15
281,111,838,2022-08-11
282,70,784,2020-03-15
283,60,544,2025-02-12
284,22,604,2026-09-17
285,140,161,2026-05-08
286,26,243,2020-06-02
287,140,411,2022-04-22
288,85,513,2022-12-27
289,71,391,2025-10-05
290,140,535,2020-05-10
291,89,828,2023-10-25
292,4,967,2025-09-25
293,39,815,2021-04-24
294,54,972,2021-09-19
295,142,960,2025-08-11
296,22,642,2026-04-14
297,107,430,2023-08-28
298,143,62,2022-03-19
299,33,626,2025-01-16
300,91,696,2021-07-14
301,104,1102,2022-06-19
302,6,1163,2026-01-05
303,40,677,2024-11-26
304,147,801,2023-04-13
305,17,1095,2023-04-16
306,28,674,2024-08-21
307,78,191,2021-02-22
308,142,364,2020-12-20
309,126,55,2021-04-03
310,99,582,2021-04-10
311,135,144,2023-01-12
312,133,23,2021-06-28
313,106,801,2021-02-05
314,138,857,2023-12-03
315,100,423,2021-04-10
316,111,973,2021-10-19
317,80,416,2024-12-22
318,118,565,2021-01-05
319,115,132,2026-07-20
320,64,1077,2022-10-16
321,118,948,2024-01-24
322,24,590,2025-08-12
323,77,801,2024-03-14
324,64,368,2024-12-14
325,118,788,2025-03-23
326,146,196,2023-12-02
327,62,324,2022-11-18
328,75,137,2025-12-24
329,56,1011,2023-09-04
330,95,157,2026-02-17
331,84,840,2023-03-09
332,54,1037,2020-08-01
333,19,946,2023-06-24
334,103,399,2023-01-01
335,65,235,2025-03-11
336,119,993,2023-02-03
337,141,497,2025-08-05
338,121,572,2026-03-06
339,5,206,2021-05-04
340,137,801,2021-02-22
341,3,560,2021-08-12
342,46,444,2025-01-22
343,137,443,2023-12-02
344,134,211,2023-12-10
345,114,108,2024-01-02
346,97,414,2021-06-08
347,52,188,2020-07-01
348,4,691,2026-04-22
349,17,452,2020-11-06
350,43,91,2023-09-04
351,84,661,2024-11-07
352,54,1110,2023-07-04
353,60,438,2020-06-11
354,45,31,2023-11-11
355,4,798,2021-08-08
356,17,571,2025-10-12
357,12,138,2021-07-10
358,128,209,2025-09-26
359,146,352,2022-02-20
360,84,796,2025-12-05
361,86,360,2025-12-11
362,124,139,2022-01-20
363,150,920,2023-09-21
364,60,1032,2024-12-01
365,60,44,2024-02-10
366,61,878,2026-04-20
367,21,123,2021-06-16
368,76,414,2021-07-07
369,10,488,2025-10-15
370,85,275,2022-06-21
371,11,1067,2026-07-21
372,74,49,2021-12-11
373,88,497,2021-09-02
374,64,456,2024-07-17
375,83,376,2023-11-01
376,17,1007,2020-04-02
377,37,419,2021-02-06
378,141,419,2021-09-03
379,110,957,2022-03-24
380,51,502,2023-03-20
381,64,621,2022-10-15
382,52,557,2026-08-03
383,93,816,2023-03-16
384,113,866,2024-10-24
385,111,320,2026-08-01
386,98,876,2026-02-25
387,77,1101,2021-09-24
388,45,527,2023-08-10
389,117,581,2023-09-20
390,124,148,2022-03-23
391,121,401,2021-04-01
392,4,1026,2025-12-12
393,126,829,2023-07-24
394,96,787,2023-05-21
395,19,838,2020-02-13
396,145,333,2021-07-09
397,90,1044,2025-08-21
398,95,119,2025-07-14
399,64,497,2023-01-27
400,93,58,2025-11-21
401,38,536,2024-08-22
402,38,521,2021-10-19
403,42,26,2020-02-21
404,99,815,2025-10-03
405,133,387,2023-03-27
406,110,518,2025-05-17
407,137,784,2024-05-24
408,106,183,2020-11-19
409,89,293,2022-12-07
410,102,631,2020-03-27
411,126,4,2020-02-25
412,107,1076,2023-11-10
413,111,350,2021-06-06
414,35,406,2023-03-17
415,29,923,2024-04-06
416,52,121,2025-03-26
417,50,532,2026-07-15
418,28,341,2020-05-03
419,97,256,2022-02-11
420,8,1200,2021-08-16
421,26,20,2020-05-25
422,2,1193,2026-01-04
423,55,1070,2026-01-13
424,134,545,2023-08-25
425,87,880,2022-06-22
426,88,646,2026-04-12
427,103,776,2024-01-12
428,85,206,2020-08-28
429,103,285,2020-10-04
430,136,573,2025-04-12
431,116,974,2024-07-22
432,49,7,2025-06-01
433,93,94,2026-12-11
434,114,479,2024-08-13
435,21,714,2023-08-22
436,26,789,2022-10-07
437,37,1066,2024-12-17
438,9,262,2023-02-10
439,141,957,2021-08-04
440,124,1108,2021-04-07
441,44,184,2020-07-23
442,8,329,2022-07-25
443,72,452,2025-05-22
444,122,253,2025-03-18
445,126,186,2026-12-11
446,58,1180,2026-10-03
447,88,773,2025-12-24
448,98,1151,2026-07-26
449,60,458,2022-02-10
450,23,229,2020-06-24
451,49,238,2024-06-05
452,81,779,2024-12-01
453,80,127,2024-09-07
454,100,868,2022-06-26
455,33,1065,2025-10-19
456,57,219,2023-01-18
457,118,648,2021-05-27
458,57,1024,2025-08-05
459,73,299,2025-11-28
460,9,656,2022-09-23
461,32,561,2026-12-19
462,123,442,2023-05-23
463,97,121,2026-06-05
464,54,461,2025-12-02
465,46,999,2025-07-10
466,41,45,2024-07-11
467,109,970,2022-07-13
468,19,1082,2025-05-10
469,50,1123,2023-02-05
470,83,1189,2026-01-28
471,78,938,2025-03-19
472,36,905,2025-08-10
473,38,430,2021-12-07
474,3,742,2025-10-04
475,38,772,2023-11-27
476,44,116,2020-06-16
477,46,108,2020-09-21
478,87,889,2021-11-24
479,104,502,2020-02-08
480,102,1001,2022-12-20
481,45,769,2026-12-26
482,23,950,2026-11-13
483,71,912,2022-01-04
484,30,170,2020-08-21
485,131,461,2020-10-19
486,147,983,2022-12-24
487,25,371,2023-08-21
488,112,612,2024-03-04
489,84,131,2025-09-06
490,104,41,2023-09-27
491,138,1086,2023-02-17
492,150,1104,2025-11-04
493,54,241,2021-10-23
494,47,11,2024-08-26
495,81,252,2020-03-19
496,53,331,2020-09-09
497,9,174,2020-09-10
498,94,1115,2021-07-22
499,1,509,2022-01-17
500,76,1094,2023-03-19
501,126,641,2024-06-20
502,138,1046,2021-12-04
503,12,486,2020-04-05
504,77,441,2021-10-18
505,56,736,2022-03-24
506,141,523,2022-07-21
507,42,820,2023-02-09
508,109,294,2024-04-03
509,69,395,2025-06-19
510,131,336,2023-03-11
511,112,777,2020-10-08
512,20,554,2020-09-04
513,141,834,2020-06-21
514,23,744,2022-05-05
515,58,561,2020-02-13
516,57,776,2020-02-06
517,135,628,2024-08-04
518,136,715,2025-10-28
519,73,1130,2022-10-04
520,13,350,2022-07-06
521,89,1089,2024-10-28
522,104,977,2024-03-09
523,3,1052,2025-03-22
524,33,293,2023-10-24
525,69,109,2025-11-12
526,64,857,2025-08-06
527,113,725,2026-08-17
528,74,565,2023-09-23
529,59,626,2025-02-10
530,105,641,2026-02-21
531,21,158,2025-04-03
532,43,1179,2020-02-24
533,74,1135,2023-01-14
534,131,280,2023-08-17
535,137,256,2023-01-20
536,49,15,2025-07-23
537,137,707,2021-12-22
538,136,87,2024-08-06
539,135,461,2021-02-12
540,35,1053,2022-01-14
541,127,777,2021-06-04
542,87,512,2026-09-28
543,31,595,2022-08-10
544,68,437,2020-12-21
545,146,807,2021-05-21
546,132,73,2023-10-28
547,125,118,2022-01-20
548,118,673,2022-06-04
549,2,717,2025-03-13
550,91,19,2020-07-16
551,51,174,2024-09-05
552,106,254,2023-01-05
553,65,464,2023-07-12
554,77,747,2023-03-18
555,69,223,2023-11-27
556,113,332,2021-06-24
557,112,12,2022-12-07
558,29,389,2022-01-05
559,102,863,2025-06-02
560,42,408,2023-11-09
561,31,863,2023-09-16
562,33,666,2026-07-17
563,100,270,2020-02-26
564,6,259,2021-06-17
565,4,485,2020-11-27
566,88,880,2024-12-01
567,112,984,2022-05-16
568,22,879,2021-10-05
569,131,383,2021-05-25
570,30,540,2025-04-22
571,110,407,2023-12-26
572,27,1029,2024-03-07
573,39,470,2020-03-13
574,10,561,2021-03-14
575,5,409,2020-01-13
576,105,1076,2022-12-21
577,60,455,2022-07-16
578,16,1045,2023-11-02
579,78,226,2022-06-09
580,90,857,2021-06-02
581,47,84,2020-01-22
582,83,435,2022-08-09
583,26,883,2021-05-16
584,94,685,2022-02-04
585,4,1131,2026-03-11
586,93,741,2025-10-17
587,96,488,2025-05-07
588,150,787,2020-02-05
589,31,85,2024-11-27
590,49,396,2025-08-04
591,20,1120,2024-06-10
592,122,414,2024-12-05
593,12,262,2021-07-18
594,65,1148,2022-06-15
595,31,894,2020-08-14
596,135,1032,2026-01-06
597,71,265,2022-01-19
598,16,390,2025-07-16
599,137,1052,2020-03-15
600,131,787,2024-07-13
601,70,424,2021-01-06
602,147,447,2024-12-01
603,132,933,2024-12-24
604,135,531,2022-04-10
605,69,1131,2020-03-08
606,12,1093,2021-05-02
607,38,569,2021-05-28
608,14,510,2026-04-18
609,30,3,2025-06-21
610,95,665,2020-12-18
611,68,274,2023-10-10
612,84,118,2025-01-27
613,92,450,2025-05-06
614,66,33,2024-11-28
615,150,218,2025-12-23
616,98,528,2026-11-21
617,142,423,2026-08-08
618,84,551,2021-10-21
619,102,319,2023-04-24
620,112,755,2021-08-03
621,127,372,2023-03-27
622,46,387,2024-08-24
623,47,578,2020-05-06
624,46,808,2025-10-07
625,18,294,2020-07-08
626,117,825,2020-12-17
627,36,25,2024-02-13
628,99,43,2020-01-25
629,12,271,2021-02-09
630,37,28,2026-01-26
631,28,1111,2025-06-28
632,22,415,2021-08-25
633,145,910,2026-03-10
634,85,981,2021-04-02
635,140,548,2025-09-04
636,6,92,2020-09-10
637,27,1048,2026-07-05
638,1,460,2020-04-14
639,99,302,2022-11-10
640,58,788,2025-12-27
641,29,1008,2021-02-08
642,27,578,2022-02-20
643,86,243,2022-02-02
644,39,365,2023-09-11
645,47,871,2021-11-22
646,78,588,2022-02-09
647,128,756,2022-12-26
648,20,5,2026-03-25
649,38,656,2021-07-15
650,123,138,2020-10-14
651,72,297,2020-06-05
652,47,789,2022-06-16
653,109,986,2025-07-20
654,86,284,2026-11-08
655,99,858,2024-08-18
656,137,1009,2024-09-27
657,59,788,2020-10-23
658,108,1080,2024-12-26
659,57,179,2021-06-01
660,53,36,2022-09-16
661,35,226,2020-06-12
662,36,604,2023-03-27
663,142,863,2021-04-27
664,58,115,2025-03-04
665,37,774,2025-01-23
666,109,762,2020-12-04
667,149,152,2023-10-28
668,41,62,2021-06-05
669,21,502,2020-01-19
670,107,307,2026-03-16
671,36,1081,2025-05-16
672,106,691,2023-11-23
673,4,588,2020-03-02
674,9,356,2024-03-01
675,102,868,2025-08-18
676,67,1172,2024-05-23
677,59,868,2021-05-03
678,134,774,2021-12-07
679,103,115,2021-07-06
680,144,159,2026-12-15
681,123,642,2025-11-13
682,98,338,2020-06-21
683,109,399,2022-02-04
684,20,743,2024-06-01
685,62,578,2021-09-04
686,17,434,2024-01-25
687,80,385,2024-04-21
688,9,493,2022-02-19
689,145,92,2024-08-02
690,13,645,2020-05-01
691,92,579,2023-09-07
692,81,801,2025-06-05
693,25,679,2023-12-17
694,26,1029,2026-03-01
695,98,977,2024-01-10
696,42,311,2025-08-03
697,24,475,2021-11-21
698,37,330,2024-09-24
699,134,700,2023-03-11
700,75,738,2024-07-02
701,100,490,2021-10-20
702,20,313,2024-11-16
703,25,31,2021-05-18
704,23,1022,2020-08-11
705,44,606,2021-02-09
706,148,745,2022-02-03
707,46,944,2022-08-09
708,114,288,2020-10-16
709,11,745,2026-05-13
710,105,265,2023-06-17
711,81,766,2020-11-14
712,130,922,2022-11-02
713,15,502,2025-09-01
714,40,216,2022-07-06
715,146,818,2026-02-08
716,100,947,2025-02-12
717,120,960,2025-09-27
718,120,224,2020-03-24
719,28,813,2026-07-07
720,103,674,2020-06-11
721,125,436,2025-12-16
722,30,571,2023-01-18
723,40,963,2021-11-07
724,82,1164,2020-10-25
725,98,128,2026-06-26
726,111,970,2021-01-07
727,6,867,2022-05-21
728,46,172,2021-02-09
729,104,168,2022-12-15
730,108,1075,2021-11-09
731,48,111,2020-07-11
732,77,337,2021-06-14
733,124,974,2024-12-26
734,42,895,2022-12-19
735,100,21,2024-10-07
736,20,1185,2024-03-11
737,82,30,2021-08-05
738,128,649,2020-11-14
739,68,1067,2025-01-15
740,33,921,2025-10-04
741,10,448,2025-04-14
742,140,341,2024-07-07
743,90,430,2021-11-19
744,4,759,2026-06-01
745,78,629,2024-02-23
746,128,934,2023-07-12
747,91,1111,2023-09-25
748,86,233,2021-08-14
749,96,363,2024-10-06
750,139,893,2023-05-28
751,112,581,2025-10-28
752,26,180,2026-02-03
753,5,843,2020-08-24
754,140,205,2025-08-17
755,149,67,2025-05-28
756,108,434,2021-08-18
757,98,235,2021-08-04
758,90,951,2023-11-23
759,102,16,2022-04-17
760,73,549,2025-05-10
761,107,495,2020-07-02
762,4,54,2021-06-27
763,133,651,2022-03-19
764,111,496,2024-07-07
765,101,106,2026-10-14
766,33,800,2025-03-13
767,82,1060,2021-07-08
768,26,259,2024-02-21
769,148,803,2026-11-09
770,142,326,2022-04-03
771,24,53,2023-01-21
772,40,57,2024-12-18
773,21,1172,2023-01-24
774,34,930,2025-11-25
775,92,383,2021-11-08
776,77,397,2024-04-24
777,97,534,2025-01-09
778,22,295,2025-01-21
779,149,212,2020-08-20
780,32,220,2021-05-09
781,47,191,2020-08-28
782,93,426,2023-02-16
783,6,848,2020-08-21
784,20,431,2025-07-13
785,81,924,2026-03-06
786,77,21,2021-11-19
787,9,241,2022-06-16
788,140,11,2021-09-24
789,66,250,2021-10-01
790,138,48,2024-09-25
791,40,443,2026-06-04
792,56,61,2022-03-08
793,22,260,2022-05-16
794,52,189,2022-12-18
795,76,957,2025-08-14
796,132,820,2021-05-06
797,51,576,2023-02-19
798,80,340,2026-04-24
799,125,888,2023-07-20
800,70,653,2024-02-20
801,99,880,2021-10-12
802,96,132,2023-03-02
803,131,519,2024-07-10
804,136,722,2023-01-04
805,47,661,2023-03-12
806,63,149,2021-11-12
807,96,298,2026-06-04
808,3,653,2025-01-23
809,85,438,2023-10-26
810,83,477,2024-02-13
811,73,435,2024-04-04
812,144,570,2025-10-26
813,20,1176,2025-07-22
814,112,651,2026-06-07
815,51,102,2026-08-16
816,12,563,2023-02-04
817,116,351,2024-06-19
818,99,485,2024-01-10
819,5,1180,2020-08-10
820,34,825,2020-09-17
821,11,691,2025-01-03
822,121,195,2026-07-24
823,78,563,2022-06-13
824,21,1140,2026-06-16
825,13,806,2022-12-15
826,127,249,2026-06-20
827,27,60,2021-01-27
828,3,285,2020-06-28
829,112,464,2021-02-07
830,95,1101,2020-12-28
831,14,532,2026-01-04
832,13,624,2020-05-11
833,98,553,2025-03-05
834,150,944,2020-03-11
835,38,1197,2026-07-21
836,115,251,2024-09-08
837,148,979,2025-08-09
838,83,989,2021-02-09
839,76,170,2022-09-27
840,63,422,2025-02-03
841,127,124,2021-01-22
842,56,959,2026-07-07
843,125,215,2022-04-27
844,136,1053,2026-06-25
845,80,930,2025-03-28
846,130,217,2021-04-12
847,99,927,2026-10-17
848,52,820,2021-02-09
849,109,337,2025-05-28
850,148,210,2021-08-04
851,29,493,2020-08-06
852,69,59,2023-11-17
853,116,721,2022-02-18
854,22,726,2023-04-05
855,102,1029,2023-09-11
856,14,904,2022-06-04
857,13,784,2025-07-07
858,76,388,2023-03-20
859,71,1085,2024-08-17
860,111,224,2025-01-21
861,64,228,2021-02-02
862,10,1179,2022-04-03
863,137,207,2022-04-20
864,104,803,2023-02-08
865,69,1015,2021-03-26
866,53,712,2025-05-23
867,74,7,2020-03-17
868,123,626,2026-12-08
869,44,646,2025-02-06
870,48,681,2023-03-01
871,122,877,2022-01-06
872,68,158,2021-11-25
873,3,722,2023-10-01
874,126,507,2023-02-02
875,5,1162,2025-05-27
876,59,1076,2024-03-25
877,38,193,2020-05-26
878,86,927,2023-12-12
879,140,528,2025-08-09
880,94,940,2020-06-10
881,86,1061,2026-11-28
882,124,231,2022-11-17
883,6,303,2023-04-22
884,37,732,2023-01-08
885,148,883,2022-04-24
886,23,397,2023-11-04
887,71,1116,2023-09-06
888,68,715,2022-07-19
889,107,566,2022-04-02
890,149,1066,2025-06-27
891,32,888,2026-08-19
892,89,591,2020-01-16
893,38,956,2025-03-17
894,75,1144,2025-03-10
895,125,591,2020-05-01
896,117,84,2021-05-27
897,32,109,2023-05-01
898,111,722,2025-01-02
899,65,283,2022-05-26
900,129,1149,2021-02-23
901,70,293,2025-04-14
902,150,166,2022-04-02
903,122,727,2021-11-21
904,99,866,2023-02-09
905,78,637,2021-10-14
906,83,1185,2021-11-25
907,52,513,2021-07-18
908,52,617,2022-02-10
909,146,945,2024-03-13
910,112,197,2021-09-15
911,81,1032,2025-12-12
912,120,726,2023-08-14
913,106,945,2020-09-01
914,108,182,2026-03-20
915,78,497,2024-09-12
916,33,1113,2024-05-02
917,101,258,2023-11-01
918,119,1061,2023-01-03
919,15,554,2026-11-04
920,86,200,2026-05-19
921,124,679,2026-01-04
922,150,1047,2025-12-02
923,53,1058,2021-09-24
924,127,280,2021-11-21
925,40,617,2025-05-24
926,2,994,2024-12-07
927,30,138,2020-03-20
928,31,1065,2020-04-07
929,27,971,2020-09-15
930,101,114,2020-05-13
931,124,377,2026-04-27
932,140,534,2026-10-22
933,113,253,2023-03-21
934,6,379,2021-12-22
935,62,350,2024-12-23
936,122,984,2022-05-22
937,26,1010,2022-11-09
938,101,791,2025-02-15
939,107,871,2021-01-10
940,118,247,2024-07-01
941,149,621,2020-11-21
942,114,88,2022-03-15
943,118,568,2020-03-12
944,129,1031,2021-06-23
945,135,800,2024-02-06
946,39,721,2025-12-19
947,87,942,2025-03-09
948,78,807,2020-11-16
949,97,967,2024-11-06
950,148,1039,2026-11-17
951,67,266,2025-06-19
952,149,713,2024-10-27
953,104,139,2020-01-28
954,41,475,2020-11-04
955,128,976,2022-04-25
956,61,216,2021-12-13
957,108,132,2020-10-09
958,30,77,2026-12-03
959,114,767,2024-11-27
960,8,357,2022-02-23
961,116,774,2021-11-19
962,143,410,2021-05-16
963,113,586,2021-04-24
964,42,889,2026-09-26
965,50,177,2024-01-21
966,25,417,2020-03-01
967,93,836,2024-09-28
968,19,698,2021-11-24
969,136,1017,2021-04-19
970,122,1026,2022-06-20
971,144,283,2026-02-15
972,110,771,2026-02-19
973,21,261,2026-09-10
974,26,242,2023-04-02
975,139,678,2020-04-27
976,75,515,2023-12-12
977,18,324,2022-02-18
978,148,495,2026-09-20
979,129,640,2023-10-02
980,140,228,2024-08-09
981,8,67,2022-07-09
982,52,686,2026-01-05
983,53,1121,2026-12-11
984,16,483,2023-02-26
985,145,73,2022-02-14
986,21,1130,2023-03-09
987,11,214,2020-08-17
988,58,718,2023-08-10
989,59,44,2020-01-25
990,51,1095,2024-07-22
991,5,1132,2023-01-13
992,97,257,2023-12-14
993,141,283,2020-08-04
994,95,721,2021-06-14
995,15,488,2021-02-19
996,3,466,2023-12-25
997,138,1164,2020-01-28
998,64,117,2020-01-05
999,113,370,2022-01-11
1000,90,501,2022-03-20
1001,102,981,2025-02-22
1002,20,157,2022-09-07
1003,127,732,2026-04-15
1004,78,752,2026-09-10
1005,63,1079,2022-06-23
1006,139,1032,2020-01-12
1007,106,996,2022-02-07
1008,36,1067,2021-05-24
1009,142,432,2020-06-24
1010,37,74,2021-12-15
1011,117,234,2020-08-27
1012,9,554,2022-10-13
1013,77,174,2020-05-28
1014,99,1015,2020-07-13
1015,114,91,2021-04-13
1016,48,883,2024-01-22
1017,79,65,2024-06-01
1018,87,538,2026-10-07
1019,8,699,2025-10-14
1020,110,117,2026-02-18
1021,100,589,2026-09-15
1022,109,1173,2025-10-25
1023,133,533,2021-07-15
1024,61,271,2020-05-26
1025,71,176,2021-09-10
1026,87,1170,2023-01-20
1027,71,741,2022-11-09
1028,4,255,2022-10-22
1029,83,542,2026-03-15
1030,119,36,2023-01-15
1031,10,735,2023-11-28
1032,143,447,2023-01-19
1033,21,567,2024-09-11
1034,17,903,2021-05-25
1035,71,532,2026-08-05
1036,59,358,2021-10-21
1037,13,477,2020-11-02
1038,48,1038,2026-08-19
1039,82,86,2024-12-08
1040,16,531,2022-01-22
1041,91,1107,2025-01-20
1042,61,717,2020-02-17
1043,114,232,2024-02-08
1044,53,668,2024-06-27
1045,107,147,2025-07-10
1046,37,51,2022-10-26
1047,93,687,2023-11-12
1048,121,603,2024-01-06
1049,95,92,2022-03-19
1050,7,218,2024-04-26
1051,81,1047,2025-12-17
1052,149,705,2021-07-27
1053,150,67,2025-12-05
1054,98,161,2020-04-19
1055,129,1177,2025-09-24
1056,108,1104,2025-02-28
1057,136,106,2024-08-22
1058,135,1066,2023-06-09
1059,50,1179,2022-04-11
1060,63,742,2021-08-11
1061,30,494,2023-12-14
1062,93,164,2022-09-17
1063,20,742,2025-08-20
1064,59,920,2026-07-08
1065,146,257,2024-04-25
1066,105,1198,2025-03-20
1067,67,588,2022-06-04
1068,21,837,2023-09-05
1069,148,1013,2025-04-06
1070,117,32,2021-02-14
1071,68,1136,2025-08-24
1072,9,884,2020-12-06
1073,19,272,2024-09-13
1074,109,726,2021-07-23
1075,143,495,2025-05-04
1076,87,690,2024-10-20
1077,28,93,2020-12-12
1078,115,838,2025-08-24
1079,112,593,2026-08-23
1080,35,376,2025-10-27
1081,131,172,2021-01-19
1082,95,929,2023-06-15
1083,46,1042,2025-10-09
1084,25,476,2022-08-11
1085,13,1156,2024-09-19
1086,131,874,2022-06-13
1087,82,366,2021-01-27
1088,54,882,2024-05-19
1089,81,204,2022-05-06
1090,31,590,2022-08-15
1091,58,347,2022-05-20
1092,28,475,2025-05-05
1093,25,424,2024-09-25
1094,44,57,2024-01-18
1095,138,400,2020-08-27
1096,7,757,2021-05-19
1097,110,912,2024-03-27
1098,117,605,2020-12-23
1099,31,911,2023-08-09
1100,23,281,2022-12-22
1101,30,725,2026-02-24
1102,57,153,2022-03-17
1103,86,566,2023-11-24
1104,132,152,2025-12-11
1105,10,888,2020-12-26
1106,134,651,2021-09-22
1107,10,17,2021-03-19
1108,97,451,2025-04-09
1109,121,311,2023-03-24
1110,128,579,2021-04-21
1111,23,1058,2026-12-24
1112,55,7,2023-02-16
1113,143,428,2025-03-02
1114,108,539,2024-07-21
1115,150,481,2025-06-16
1116,136,369,2022-04-10
1117,125,1004,2026-11-13
1118,92,1113,2023-05-04
1119,57,231,2026-05-14
1120,115,667,2021-11-14
1121,30,361,2023-06-22
1122,30,712,2025-07-23
1123,33,991,2026-08-20
1124,106,481,2020-05-09
1125,130,441,2026-07-02
1126,144,662,2022-11-11
1127,106,802,2026-08-14
1128,103,534,2020-05-16
1129,57,696,2025-01-10
1130,115,840,2021-10-06
1131,138,423,2026-11-04
1132,85,265,2024-09-01
1133,6,777,2020-12-11
1134,91,1133,2020-11-02
1135,133,432,2022-09-07
1136,41,1098,2023-12-08
1137,75,331,2022-06-14
1138,56,1133,2025-04-01
1139,10,42,2026-09-04
1140,129,815,2026-08-02
1141,41,580,2022-01-08
1142,64,70,2022-12-04
1143,97,821,2021-12-09
1144,22,157,2020-09-24
1145,107,42,2020-12-27
1146,139,311,2020-12-19
1147,101,398,2026-10-28
1148,80,663,2023-09-24
1149,6,619,2022-08-07
1150,26,542,2025-10-16
1151,97,597,2023-02-08
1152,105,1149,2022-08-10
1153,137,1038,2021-07-01
1154,128,807,2022-09-23
1155,28,927,2021-10-01
1156,102,476,2023-06-16
1157,145,224,2025-05-11
1158,37,172,2020-09-06
1159,54,1004,2024-04-03
1160,37,826,2024-08-17
1161,146,477,2020-08-09
1162,106,638,2025-06-27
1163,39,75,2022-12-19
1164,105,12,2022-12-07
1165,144,1001,2024-08-11
1166,61,660,2023-12-16
1167,132,1137,2026-12-24
1168,21,216,2023-12-03
1169,97,261,2026-01-06
1170,134,249,2021-04-15
1171,30,80,2023-08-06
1172,135,998,2021-12-28
1173,141,857,2023-01-10
1174,31,892,2022-12-22
1175,70,1071,2022-10-12
1176,145,340,2021-05-17
1177,53,761,2024-10-09
1178,121,948,2021-06-24
1179,35,337,2024-12-27
1180,122,21,2022-07-06
1181,39,964,2020-01-10
1182,49,409,2025-02-18
1183,118,678,2020-01-20
1184,120,321,2020-06-21
1185,144,463,2022-11-01
1186,50,563,2022-07-19
1187,79,753,2024-07-09
1188,144,1109,2025-11-07
1189,27,444,2022-03-09
1190,145,210,2021-09-19
1191,99,677,2024-10-20
1192,71,970,2021-03-01
1193,60,444,2020-10-05
1194,37,338,2023-01-11
1195,20,107,2021-09-26
1196,113,872,2025-08-11
1197,78,1025,2026-02-08
1198,144,806,2023-07-23
1199,122,728,2022-09-11
1200,136,161,2024-04-06
1201,72,293,2026-07-18
1202,114,1004,2025-05-22
1203,31,1143,2023-11-12
1204,46,52,2026-06-28
1205,120,709,2025-07-07
1206,144,392,2023-06-06
1207,3,402,2023-06-17
1208,50,12,2024-05-11
1209,25,756,2022-09-01
1210,70,69,2025-05-21
1211,123,816,2020-12-23
1212,65,562,2025-01-19
1213,8,965,2024-11-15
1214,126,356,2023-12-28
1215,140,213,2020-06-01
1216,40,363,2026-03-03
1217,108,245,2020-08-21
1218,16,644,2020-09-09
1219,50,35,2022-11-28
1220,82,347,2024-12-12
1221,133,30,2025-07-14
1222,16,134,2021-09-05
1223,69,172,2021-08-02
1224,71,407,2025-09-14
1225,45,7,2022-05-18
1226,90,242,2022-08-19
1227,23,1160,2023-02-04
1228,24,374,2025-02-06
1229,82,42,2026-03-26
1230,3,446,2025-06-15
1231,21,506,2022-11-21
1232,49,272,2022-01-13
1233,74,365,2022-03-19
1234,81,848,2021-04-09
1235,52,363,2022-05-23
1236,113,542,2020-08-12
1237,149,745,2022-11-17
1238,116,350,2020-10-13
1239,40,1102,2024-04-23
1240,112,711,2025-11-26
1241,74,425,2022-12-17
1242,142,551,2020-09-25
1243,54,529,2021-08-09
1244,9,237,2024-11-21
1245,48,974,2021-08-19
1246,83,763,2024-07-22
1247,9,661,2025-02-21
1248,92,17,2021-07-16
1249,86,690,2025-02-06
1250,92,628,2021-08-18
1251,48,45,2023-10-15
1252,148,891,2025-07-16
1253,63,518,2025-06-20
1254,87,989,2025-07-10
1255,11,480,2026-09-04
1256,108,873,2026-05-19
1257,103,59,2021-09-06
1258,77,1074,2021-10-25
1259,36,267,2025-06-26
1260,14,186,2022-03-26
1261,89,940,2023-03-15
1262,1,303,2021-03-10
1263,79,165,2021-04-28
1264,53,895,2020-12-08
1265,40,1138,2026-06-01
1266,123,327,2022-02-16
1267,141,808,2025-04-16
1268,97,950,2025-04-25
1269,25,794,2021-06-25
1270,35,819,2026-06-10
1271,109,807,2024-02-12
1272,126,56,2021-10-06
1273,61,756,2022-06-17
1274,1,816,2020-11-08
1275,36,1024,2021-01-07
1276,78,892,2020-06-13
1277,47,872,2021-05-10
1278,100,985,2020-05-14
1279,46,335,2023-11-17
1280,28,953,2026-02-12
1281,26,829,2026-01-06
1282,82,264,2024-09-13
1283,117,24,2023-11-22
1284,103,866,2026-01-10
1285,109,530,2025-11-04
1286,116,1029,2022-08-23
1287,86,1096,2022-02-26
1288,46,869,2024-07-28
1289,21,308,2020-06-23
1290,67,405,2024-10-24
1291,117,891,2020-08-10
1292,11,249,2026-08-15
1293,94,103,2024-11-12
1294,65,872,2022-11-10
1295,7,1112,2022-03-10
1296,92,855,2020-08-11
1297,77,73,2024-02-12
1298,10,1089,2025-07-08
1299,45,173,2024-02-05
1300,38,1011,2023-05-12
1301,118,500,2026-12-27
1302,135,1166,2023-01-03
1303,84,764,2020-03-20
1304,26,783,2024-12-03
1305,87,619,2023-07-01
1306,48,527,2025-11-24
1307,21,888,2020-04-19
1308,67,621,2024-09-18
1309,63,101,2022-10-16
1310,56,895,2022-12-23
1311,48,567,2024-11-02
1312,103,372,2025-05-09
1313,2,834,2021-01-26
1314,107,266,2022-05-15
1315,82,199,2021-04-01
1316,84,453,2020-10-10
1317,118,862,2025-10-11
1318,139,797,2023-09-01
1319,88,698,2022-06-27
1320,114,311,2023-12-16
1321,54,1091,2025-03-22
1322,100,524,2023-01-22
1323,147,161,2025-08-18
1324,89,171,2021-12-17
1325,95,623,2022-06-15
1326,120,61,2021-10-19
1327,43,721,2024-07-14
1328,6,582,2024-12-16
1329,61,769,2024-03-13
1330,32,199,2023-04-07
1331,29,1169,2022-03-28
1332,41,822,2024-07-12
1333,56,857,2024-05-11
1334,93,217,2025-11-21
1335,82,1029,2024-09-13
1336,58,828,2023-08-10
1337,116,322,2026-03-13
1338,137,685,2026-08-21
1339,45,202,2023-10-21
1340,108,857,2023-04-21
1341,8,460,2021-10-20
1342,129,165,2024-10-24
1343,105,47,2022-10-08
1344,43,1166,2025-08-22
1345,24,759,2020-12-20
1346,100,1131,2024-04-28
1347,42,938,2022-12-28
1348,62,359,2023-12-07
1349,83,272,2022-02-01
1350,53,1183,2023-08-08
1351,114,496,2026-03-15
1352,129,228,2026-10-27
1353,85,327,2021-08-24
1354,18,15,2025-01-22
1355,105,1065,2023-07-03
1356,107,533,2025-09-04
1357,137,49,2023-08-27
1358,16,600,2026-07-27
1359,103,1048,2025-11-15
1360,110,255,2020-03-28
1361,68,1188,2026-02-24
1362,44,751,2023-11-11
1363,37,498,2026-08-07
1364,68,199,2022-11-23
1365,19,939,2025-08-25
1366,63,533,2022-05-23
1367,114,678,2026-08-23
1368,67,1164,2022-10-02
1369,36,304,2024-05-01
1370,57,760,2024-06-23
1371,75,629,2025-03-19
1372,79,974,2025-08-22
1373,76,317,2025-12-05
1374,38,599,2026-07-09
1375,59,58,2026-04-19
1376,78,304,2024-01-09
1377,94,1042,2025-09-13
1378,123,349,2022-11-05
1379,129,644,2024-06-13
1380,125,347,2026-09-16
1381,45,992,2023-01-22
1382,17,702,2021-05-07
1383,58,308,2022-10-25
1384,31,404,2022-08-15
1385,146,25,2026-12-28
1386,135,468,2025-04-12
1387,9,817,2025-02-11
1388,130,138,2022-09-18
1389,138,163,2026-01-15
1390,146,1071,2021-04-09
1391,47,502,2021-12-23
1392,117,364,2020-10-09
1393,142,569,2020-12-07
1394,17,272,2024-05-02
1395,54,467,2021-10-25
1396,149,978,2023-02-18
1397,14,654,2026-11-03
1398,51,980,2020-08-03
1399,122,405,2020-09-19
1400,56,998,2022-10-01
1401,149,881,2026-02-24
1402,114,399,2024-11-20
1403,117,2,2022-07-20
1404,70,1009,2025-03-11
1405,130,990,2024-05-21
1406,77,542,2026-09-08
1407,88,564,2025-09-17
1408,80,902,2020-03-16
1409,2,654,2024-08-16
1410,42,367,2020-07-22
1411,78,194,2026-08-11
1412,138,375,2021-02-25
1413,60,437,2022-09-10
1414,82,1087,2023-02-22
1415,77,431,2024-11-05
1416,83,321,2021-07-26
1417,44,324,2024-11-06
1418,84,1058,2023-11-20
1419,107,552,2021-05-16
1420,78,760,2021-05-11
1421,91,646,2023-05-14
1422,145,806,2026-07-01
1423,104,114,2023-06-21
1424,36,936,2026-05-01
1425,52,428,2025-12-09
1426,76,765,2020-06-14
1427,98,668,2024-09-24
1428,52,441,2024-09-15
1429,71,219,2020-04-06
1430,84,983,2025-10-16
1431,12,799,2025-12-16
1432,64,574,2024-10-13
1433,16,208,2020-11-11
1434,71,1102,2022-08-10
1435,29,967,2021-12-03
1436,84,848,2026-03-28
1437,39,613,2024-04-18
1438,23,898,2021-06-19
1439,143,1088,2026-05-23
1440,6,288,2026-02-28
1441,81,740,2026-08-24
1442,55,378,2022-08-08
1443,118,742,2022-04-22
1444,67,523,2024-12-01
1445,36,245,2025-07-14
1446,102,997,2026-01-27
1447,136,124,2024-06-01
1448,145,896,2020-09-28
1449,84,1104,2023-05-19
1450,86,138,2025-02-19
1451,24,1144,2026-02-18
1452,41,1052,2026-02-19
1453,120,391,2026-02-25
1454,111,568,2023-08-24
1455,39,677,2020-03-21
1456,148,696,2023-09-25
1457,111,44,2023-10-10
1458,2,799,2020-01-08
1459,83,875,2021-05-28
1460,58,1197,2025-06-18
1461,118,411,2026-10-12
1462,148,313,2021-03-07
1463,79,372,2020-01-18
1464,11,261,2024-06-03
1465,84,646,2021-11-07
1466,52,621,2021-07-09
1467,60,445,2026-06-01
1468,36,901,2020-07-01
1469,114,428,2023-01-15
1470,113,818,2021-04-25
1471,98,256,2020-03-17
1472,149,1058,2020-03-25
1473,54,247,2023-12-20
1474,92,649,2023-04-07
1475,24,1039,2022-08-09
1476,131,230,2023-01-01
1477,98,861,2023-02-12
1478,93,635,2026-02-14
1479,77,470,2025-02-21
1480,100,966,2020-05-24
1481,83,93,2021-04-06
1482,145,19,2021-09-05
1483,36,963,2026-01-02
1484,54,601,2022-10-14
1485,41,859,2021-03-17
1486,39,372,2022-02-26
1487,42,62,2023-04-10
1488,104,765,2026-05-20
1489,83,59,2026-01-11
1490,8,964,2020-12-28
1491,37,835,2020-09-13
1492,135,348,2021-02-01
1493,90,457,2020-07-03
1494,29,975,2023-07-28
1495,138,902,2021-10-26
1496,1,638,2023-08-09
1497,33,662,2025-09-12
1498,25,979,2023-12-27
1499,147,402,2021-04-17
1500,34,293,2021-11-03
1501,25,828,2022-10-04
1502,64,464,2022-03-24
1503,78,674,2025-08-22
1504,134,1059,2024-05-25
1505,34,672,2023-06-22
1506,38,1187,2025-01-24
1507,99,99,2026-04-06
1508,4,293,2025-01-27
1509,61,332,2023-06-01
1510,147,985,2023-06-07
1511,148,831,2023-04-15
1512,68,1118,2023-02-24
1513,72,1054,2022-06-06
1514,66,699,2026-08-25
1515,141,935,2025-02-22
1516,88,1064,2022-02-26
1517,94,874,2025-01-18
1518,33,194,2021-08-27
1519,29,247,2024-12-10
1520,33,712,2022-08-14
1521,142,170,2026-09-06
1522,102,1047,2021-03-27
1523,57,35,2021-12-24
1524,91,1077,2024-03-19
1525,136,1076,2020-09-12
1526,139,472,2025-09-06
1527,96,326,2020-11-06
1528,58,312,2024-10-14
1529,52,571,2020-07-10
1530,100,1069,2023-08-15
1531,83,279,2025-05-01
1532,20,515,2025-09-22
1533,80,428,2025-10-20
1534,18,122,2026-07-05
1535,37,985,2026-03-25
1536,63,802,2026-03-21
1537,108,801,2024-04-08
1538,90,145,2021-05-05
1539,103,253,2025-12-19
1540,39,422,2023-03-22
1541,71,671,2020-11-04
1542,134,638,2024-02-25
1543,121,476,2025-08-10
1544,32,1109,2025-10-15
1545,40,145,2026-12-11
1546,70,84,2023-05-04
1547,120,873,2024-03-23
1548,125,597,2021-09-04
1549,23,743,2021-11-16
1550,111,864,2020-11-04
1551,72,565,2022-11-17
1552,85,860,2025-05-12
1553,22,27,2020-12-26
1554,125,498,2024-08-08
1555,112,545,2020-12-16
1556,144,1159,2023-10-17
1557,98,87,2024-02-19
1558,26,1179,2020-02-25
1559,62,739,2024-11-23
1560,108,807,2025-12-02
1561,89,902,2026-08-19
1562,134,77,2023-11-24
1563,111,53,2021-10-06
1564,7,674,2020-05-14
1565,8,936,2026-05-12
1566,89,722,2021-05-15
1567,13,665,2023-12-21
1568,68,329,2021-09-25
1569,141,660,2025-07-25
1570,90,353,2026-08-28
1571,23,684,2022-10-18
1572,59,649,2026-05-04
1573,24,832,2022-10-16
1574,48,784,2021-05-28
1575,125,719,2022-08-12
1576,41,346,2022-01-04
1577,49,1192,2022-09-23
1578,144,607,2026-09-18
1579,46,816,2024-12-03
1580,51,192,2020-12-20
1581,104,540,2021-12-11
1582,137,725,2023-03-13
1583,27,602,2024-10-03
1584,83,461,2023-01-08
1585,141,318,2025-05-01
1586,127,460,2026-12-08
1587,63,463,2023-11-26
1588,56,298,2020-05-08
1589,6,990,2026-08-14
1590,143,1129,2024-04-14
1591,48,1063,2024-07-21
1592,148,793,2025-05-23
1593,94,540,2023-06-12
1594,61,656,2024-06-03
1595,35,659,2026-12-08
1596,138,1186,2021-02-26
1597,130,975,2024-06-04
1598,59,714,2025-12-21
1599,142,459,2023-05-19
1600,14,943,2024-08-16
1601,112,133,2021-01-18
1602,115,1145,2025-01-12
1603,123,303,2020-11-12
1604,17,566,2024-05-24
1605,8,1006,2023-12-25
1606,35,812,2021-11-15
1607,80,1103,2025-11-10
1608,85,477,2024-09-14
1609,37,1106,2025-10-11
1610,2,109,2025-06-19
1611,31,146,2024-02-17
1612,106,331,2025-04-08
1613,46,372,2020-11-16
1614,31,680,2020-02-13
1615,147,794,2026-07-13
1616,122,284,2026-06-06
1617,25,638,2022-03-23
1618,111,517,2023-02-06
1619,67,823,2021-04-12
1620,21,696,2023-02-17
1621,66,42,2024-01-18
1622,16,765,2020-03-01
1623,136,26,2020-06-13
1624,79,57,2026-10-19
1625,96,143,2021-04-21
1626,128,373,2024-04-12
1627,25,317,2024-06-19
1628,46,903,2025-03-17
1629,39,912,2020-10-02
1630,138,247,2026-05-10
1631,28,715,2025-03-19
1632,133,343,2020-08-07
1633,40,691,2023-11-18
1634,100,918,2020-11-18
1635,17,693,2021-06-05
1636,62,1006,2021-07-02
1637,92,121,2023-11-23
1638,26,1065,2020-11-21
1639,83,1080,2024-10-23
1640,137,1069,2023-09-21
1641,52,579,2022-03-15
1642,51,600,2025-07-13
1643,112,773,2020-08-01
1644,126,214,2022-09-16
1645,100,627,2023-05-25
1646,15,1081,2026-01-07
1647,23,629,2024-12-19
1648,139,356,2025-06-24
1649,13,1095,2020-01-10
1650,99,386,2022-09-02
1651,112,1042,2024-03-17
1652,55,203,2023-03-08
1653,82,150,2025-04-16
1654,53,1170,2025-10-01
1655,12,782,2021-12-04
1656,75,10,2021-11-27
1657,85,363,2023-04-12
1658,103,92,2021-03-20
1659,64,529,2023-11-19
1660,80,420,2025-12-09
1661,105,21,2023-07-13
1662,72,389,2026-08-09
1663,3,810,2020-12-25
1664,115,264,2025-12-08
1665,19,235,2020-03-26
1666,126,137,2021-09-11
1667,43,526,2025-12-23
1668,102,584,2024-05-10
1669,146,536,2020-02-13
1670,52,178,2024-08-07
1671,33,1062,2020-08-16
1672,28,229,2021-01-27
1673,100,378,2020-12-26
1674,18,496,2023-10-12
1675,113,293,2023-10-25
1676,11,1032,2026-04-25
1677,54,652,2020-10-01
1678,40,700,2026-05-06
1679,90,947,2021-11-02
1680,101,779,2021-05-17
1681,17,462,2021-11-07
1682,86,899,2020-08-03
1683,63,1083,2022-09-06
1684,37,1121,2022-01-04
1685,17,840,2024-09-01
1686,44,659,2022-01-05
1687,27,479,2020-07-01
1688,145,120,2026-07-25
1689,146,246,2026-04-25
1690,10,1155,2024-02-01
1691,122,1171,2025-07-10
1692,100,921,2025-04-22
1693,126,513,2022-11-15
1694,123,314,2023-09-12
1695,58,296,2022-11-24
1696,45,796,2022-03-12
1697,6,885,2026-05-05
1698,11,942,2023-12-18
1699,59,824,2021-11-12
1700,54,832,2023-07-15
1701,116,910,2023-08-12
1702,87,668,2025-07-05
1703,136,422,2021-04-23
1704,49,1165,2021-12-22
1705,94,949,2024-07-12
1706,79,438,2023-03-16
1707,28,1112,2025-08-10
1708,106,105,2021-04-11
1709,142,321,2025-07-17
1710,111,370,2023-01-23
1711,53,791,2024-11-06
1712,70,1154,2026-03-21
1713,103,1178,2026-04-05
1714,106,649,2023-04-28
1715,34,997,2022-10-25
1716,136,73,2025-02-26
1717,17,176,2020-01-28
1718,14,679,2026-02-11
1719,92,416,2025-03-07
1720,79,136,2022-10-11
1721,150,915,2023-06-23
1722,45,594,2022-02-26
1723,144,328,2021-03-14
1724,31,1091,2024-07-06
1725,144,1132,2025-08-23
1726,72,511,2020-11-05
1727,114,199,2026-01-05
1728,98,969,2023-08-06
1729,6,743,2023-10-19
1730,47,917,2020-08-22
1731,146,705,2022-02-12
1732,18,363,2021-10-10
1733,101,307,2020-11-07
1734,83,599,2025-02-12
1735,127,33,2024-10-14
1736,44,748,2026-05-07
1737,132,574,2024-01-16
1738,82,342,2020-11-08
1739,79,539,2023-07-11
1740,11,559,2025-11-15
1741,21,682,2024-01-05
1742,3,1175,2020-05-13
1743,52,963,2023-07-02
1744,70,769,2022-06-26
1745,132,870,2023-12-11
1746,34,710,2025-05-18
1747,50,1002,2022-05-03
1748,116,174,2026-11-11
1749,131,233,2020-03-26
1750,28,498,2020-03-12
1751,17,316,2024-04-25
1752,23,155,2020-12-01
1753,88,145,2021-10-21
1754,28,250,2020-12-05
1755,52,167,2021-02-23
1756,24,8,2023-11-08
1757,54,103,2025-02-13
1758,83,1085,2021-08-27
1759,51,1015,2024-12-06
1760,121,590,2025-11-19
1761,16,907,2021-09-01
1762,21,361,2021-05-05
1763,139,1179,2021-12-04
1764,20,386,2021-06-25
1765,59,333,2023-11-27
1766,76,845,2024-11-10
1767,56,874,2022-06-24
1768,62,1087,2020-11-22
1769,65,577,2026-03-03
1770,16,129,2023-06-24
1771,16,881,2020-11-25
1772,115,25,2025-11-03
1773,82,741,2025-11-20
1774,17,1166,2022-12-27
1775,82,924,2022-12-26
1776,123,759,2023-05-25
1777,126,642,2024-12-07
1778,59,350,2020-12-12
1779,105,953,2023-06-26
1780,104,950,2026-08-15
1781,40,291,2025-07-14
1782,7,286,2026-06-13
1783,39,819,2022-01-14
1784,45,310,2024-03-07
1785,25,34,2023-08-05
1786,70,691,2021-01-16
1787,101,325,2022-09-09
1788,59,390,2023-10-24
1789,128,887,2023-03-16
1790,16,724,2020-02-11
1791,123,593,2021-04-17
1792,127,444,2023-08-01
1793,79,325,2022-11-10
1794,110,250,2024-03-17
1795,73,699,2025-06-26
1796,33,757,2024-08-03
1797,5,916,2022-07-08
1798,54,669,2025-04-28
1799,81,976,2026-05-18
1800,88,1183,2026-06-23
