playlist_id,playlist_name,playlist_type,created_date
1,Workout Mix,,2025-05-14
2,Chill Collection,,2025-10-25
3,Energy Hits,Private,2021-07-10
4,Weekend Playlist,Public,2026-05-27
5,Study Vibes,,2024-12-15
6,Focus Mix,Public,2021-05-10
7,Travel,,2020-11-22
8,Energy Vibes,,2021-08-23
9,Travel Hits,Public,2020-05-16
10,Workout Collection,Collaborative,2024-08-19
11,Late Night Vibes,,2025-02-12
12,Weekend,Public,2026-05-06
13,Study Mix,Private,2022-08-23
14,Chill Vibes,Private,2020-05-12
15,Late Night,Collaborative,2020-05-10
16,Weekend,Public,2024-04-25
17,Travel Hits,Public,2024-03-18
18,Road Trip Vibes,Collaborative,2022-11-23
19,Favorites Vibes,Public,2024-10-12
20,Relaxing Hits,Public,2021-09-10
21,Road Trip Playlist,,2022-03-04
22,Focus Hits,Private,2026-04-26
23,Energy Collection,Public,2023-08-03
24,Workout Hits,Public,2023-06-10
25,Favorites Vibes,Private,2026-08-20
26,Weekend Vibes,Private,2025-05-01
27,Favorites Mix,Private,2021-12-05
28,Favorites Hits,Collaborative,2021-04-05
29,Workout Playlist,Public,2020-01-25
30,Discover Playlist,Public,2021-02-02
31,Fresh,Public,2023-02-09
32,Morning Mix,Collaborative,2025-01-25
33,Workout Mix,Private,2024-04-06
34,Travel Vibes,Public,2020-03-28
35,Favorites Vibes,Collaborative,2022-03-28
36,Weekend,Private,2024-10-03
37,Workout Collection,Public,2024-04-23
38,Focus Vibes,Private,2026-09-01
39,Favorites Mix,Private,2024-12-16
40,Road Trip,Private,2023-11-04
41,Chill Vibes,,2023-04-17
42,Focus Playlist,Public,2026-06-04
43,Discover Mix,Private,2023-06-23
44,Party Collection,Public,2020-06-16
45,Workout Playlist,Collaborative,2023-10-24
46,Party,,2021-09-14
47,Party Playlist,Private,2026-02-27
48,Fresh Playlist,Collaborative,2021-01-22
49,Discover,Public,2023-08-17
50,Travel,Public,2020-03-13
51,Late Night,Public,2025-03-03
52,Road Trip Hits,Collaborative,2021-10-28
53,Late Night Mix,Private,2026-07-24
54,Discover Vibes,Collaborative,2026-11-13
55,Road Trip Playlist,,2023-09-09
56,Chill Playlist,Public,2020-05-16
57,Discover Hits,Private,2020-02-24
58,Morning Mix,,2025-01-06
59,Late Night Collection,Collaborative,2021-05-20
60,Study Mix,Public,2025-09-25
61,Discover Playlist,Private,2022-11-16
62,Discover Collection,Collaborative,2024-06-26
63,Relaxing Collection,Public,2026-01-14
64,Energy Mix,,2023-06-28
65,Late Night Playlist,,2020-01-06
66,Weekend,Collaborative,2025-03-16
67,Late Night Hits,Collaborative,2025-07-16
68,Fresh Mix,,2025-09-22
69,Weekend Collection,,2023-09-28
70,Chill Collection,Public,2023-05-16
71,Study Playlist,Collaborative,2026-05-11
72,Morning Mix,Public,2021-06-12
73,Fresh,Public,2026-11-11
74,Late Night Mix,,2022-06-14
75,Road Trip Mix,Private,2021-04-21
76,Party Collection,Public,2025-02-28
77,Party Mix,Collaborative,2021-01-18
78,Road Trip Mix,,2025-07-19
79,Weekend Playlist,Collaborative,2020-12-16
80,Study Mix,Collaborative,2023-10-13
81,Road Trip Collection,Public,2026-08-04
82,Favorites,Private,2022-08-17
83,Fresh,Collaborative,2021-10-10
84,Road Trip Playlist,Private,2023-11-28
85,Fresh Mix,Private,2022-05-02
86,Party Collection,,2026-04-20
87,Favorites Mix,Public,2024-06-09
88,Workout Collection,,2023-04-12
89,Fresh Mix,Collaborative,2024-05-14
90,Travel Collection,Collaborative,2021-07-13
91,Party Collection,,2025-09-06
92,Energy Mix,Private,2024-08-07
93,Travel,,2022-11-18
94,Fresh Collection,,2024-12-21
95,Morning Collection,Private,2022-08-05
96,Focus Hits,Collaborative,2026-07-14
97,Road Trip Mix,Private,2026-07-09
98,Relaxing Vibes,Private,2022-11-20
99,Focus Playlist,Private,2020-03-07
100,Morning Hits,Collaborative,2023-08-18
101,Late Night Playlist,Public,2021-03-09
102,Chill Mix,Collaborative,2026-05-22
103,Weekend Hits,Public,2025-08-26
104,Morning Mix,Public,2022-10-10
105,Relaxing Mix,,2022-11-22
106,Energy Mix,,2026-12-27
107,Chill Hits,Public,2024-12-17
108,Energy Mix,Collaborative,2023-02-08
109,Study Mix,Collaborative,2022-10-24
110,Late Night,Private,2023-04-05
111,Workout Hits,Private,2022-08-14
112,Party Collection,Public,2023-09-12
113,Favorites Mix,Collaborative,2024-07-16
114,Travel Hits,Collaborative,2026-03-12
115,Discover,Collaborative,2026-05-01
116,Travel Collection,Public,2026-12-22
117,Fresh Mix,Private,2022-09-13
118,Party,Collaborative,2026-11-04
119,Weekend Hits,,2023-01-13
120,Energy Vibes,Collaborative,2020-04-10
121,Focus Hits,,2025-06-26
122,Fresh,,2026-01-09
123,Relaxing Mix,,2023-12-14
124,Energy Vibes,,2026-02-27
125,Chill,Collaborative,2024-02-12
126,Late Night Collection,Collaborative,2023-12-01
127,Fresh Mix,Private,2025-08-26
128,Travel Hits,Public,2023-04-21
129,Party Vibes,Public,2020-03-08
130,Weekend,Private,2026-10-22
131,Late Night Vibes,,2023-12-05
132,Party Hits,Collaborative,2026-05-07
133,Workout Playlist,Collaborative,2021-07-13
134,Relaxing Collection,Private,2020-01-18
135,Travel Collection,Private,2020-08-07
136,Party,Private,2020-07-20
137,Late Night Collection,Collaborative,2021-02-12
138,Chill Collection,Public,2020-12-17
139,Late Night Playlist,,2020-04-23
140,Focus Hits,Collaborative,2022-12-16
141,Late Night Hits,,2026-04-20
142,Focus Vibes,Private,2023-03-14
143,Fresh Hits,Public,2022-05-08
144,Study Playlist,Private,2022-10-22
145,Travel Playlist,Public,2020-08-05
146,Relaxing Vibes,,2025-04-23
147,Late Night,,2025-10-09
148,Workout Mix,Public,2020-06-08
149,Discover Vibes,Public,2020-05-17
150,Study Playlist,Collaborative,2023-11-12
