track_id,track_name,album_id,artist_id,genre_id,duration_seconds
1,Summer Together,72,38,2,306.0
2,Dance Stars,202,11,17,226.0
3,Magic Higher,260,18,17,286.0
4,Heart Memory,289,93,11,
5,Again Dream,170,40,11,256.0
6,Dance Memory,14,55,8,217.0
7,Beautiful Rain,297,79,4,334.0
8,Home Higher,246,70,16,311.0
9,Forever Magic,195,81,11,324.0
10,Wonder Dream,294,47,13,
11,Ocean Forever,161,88,16,255.0
12,Higher Time,211,117,17,306.0
13,Wonder Forever,32,49,11,282.0
14,Again Memory,167,15,9,284.0
15,City Together,89,57,2,286.0
16,Again Time,182,30,17,334.0
17,Dance Memory,136,5,10,199.0
18,Lost Heart,143,85,7,207.0
19,Time Heart,153,62,13,330.0
20,Summer Memory,251,78,6,239.0
21,Heart Dream,141,47,4,296.0
22,Alone Rise,195,81,11,359.0
23,Heart Fire,75,29,5,223.0
24,Falling Together,41,89,8,263.0
25,Run Run,246,70,16,287.0
26,Wonder Light,288,111,20,185.0
27,Rain Fire,123,80,9,321.0
28,Believe Rain,116,60,10,163.0
29,Wonder Memory,170,40,11,175.0
30,Love Lost,71,21,1,190.0
31,Memory Believe,244,92,15,201.0
32,Summer Heart,148,2,12,315.0
33,Believe Beautiful,46,67,9,209.0
34,Together Together,20,36,15,194.0
35,Together Together,91,31,6,159.0
36,Freedom Memory,204,48,10,197.0
37,Alone Fire,149,34,2,152.0
38,Together Summer,55,71,17,222.0
39,Higher Memory,279,93,20,184.0
40,Light Run,240,101,3,357.0
41,Stars City,84,42,4,315.0
42,Love Stars,96,9,9,236.0
43,Again Time,291,59,8,199.0
44,Magic Ocean,208,19,12,281.0
45,Again Dream,206,13,18,197.0
46,Summer Together,245,26,2,
47,Rain City,197,10,10,342.0
48,Heart Beautiful,169,78,9,335.0
49,Believe Falling,134,118,20,327.0
50,City Heart,61,2,18,190.0
51,Together Alone,258,47,13,330.0
52,Believe Together,61,2,18,225.0
53,Rain Forever,114,88,8,272.0
54,Ocean Wonder,192,23,20,290.0
55,Freedom Again,276,109,3,205.0
56,Higher City,42,88,20,285.0
57,Together Beautiful,40,74,13,178.0
58,Alone Higher,281,80,1,201.0
59,Home Summer,77,57,4,283.0
60,Wonder Beautiful,106,34,11,275.0
61,City Freedom,262,50,18,164.0
62,Ocean City,263,58,7,294.0
63,Again Freedom,237,86,3,228.0
64,Light Magic,203,57,15,150.0
65,Night Fire,297,79,4,258.0
66,Lost Fire,33,113,13,167.0
67,Fire Heart,242,70,11,254.0
68,Time Believe,70,85,3,336.0
69,Falling Alone,216,20,6,247.0
70,Rise Night,194,88,19,324.0
71,Forever Believe,277,17,10,239.0
72,Rise Higher,276,109,3,182.0
73,Magic Love,115,82,9,
74,City Again,153,62,13,334.0
75,Rise Magic,273,113,18,208.0
76,Forever Light,178,63,17,198.0
77,Fire Freedom,58,89,6,319.0
78,Rain Run,9,82,20,167.0
79,City Dance,18,111,16,322.0
80,Rain Stars,25,113,19,161.0
81,Lost Run,120,3,13,343.0
82,Forever Higher,29,52,6,224.0
83,Summer Beautiful,295,72,7,303.0
84,Rain Heart,165,77,10,186.0
85,Rain Ocean,267,82,6,226.0
86,Beautiful Alone,286,72,4,338.0
87,Lost Memory,219,58,8,162.0
88,Freedom Higher,196,81,10,231.0
89,Forever Heart,210,83,11,246.0
90,Memory Rain,276,109,3,207.0
91,Freedom City,74,102,19,164.0
92,Lost Higher,214,38,4,184.0
93,Run Summer,131,34,18,315.0
94,Closer Falling,231,33,7,173.0
95,Fire Light,98,85,16,246.0
96,Closer Night,21,43,11,198.0
97,Run Memory,287,58,8,203.0
98,Heart Together,171,85,13,153.0
99,Stars Dream,98,85,16,341.0
100,Together Rain,246,70,16,328.0
101,Rise Together,105,19,14,211.0
102,Rise City,145,9,18,286.0
103,Light Falling,158,110,18,281.0
104,Dream Freedom,239,82,13,334.0
105,Together Run,164,53,12,244.0
106,Beautiful Closer,24,54,13,206.0
107,Light Lost,9,82,20,299.0
108,Heart Forever,214,38,4,200.0
109,Beautiful Magic,195,81,11,212.0
110,Light Time,173,21,12,360.0
111,City Home,252,42,10,337.0
112,Forever Stars,87,66,1,289.0
113,Believe Fire,278,22,19,284.0
114,Magic Again,39,100,6,162.0
115,Forever Magic,212,47,1,311.0
116,Love Run,78,35,17,279.0
117,Dance Believe,31,83,14,320.0
118,Again Memory,248,16,12,
119,Ocean Love,283,10,2,154.0
120,Lost Heart,141,47,4,154.0
121,Freedom Together,221,37,13,195.0
122,Higher Forever,50,28,12,211.0
123,Light Magic,270,9,10,240.0
124,Night Falling,204,48,10,253.0
125,Wonder Rain,125,40,15,226.0
126,Believe Closer,42,88,20,316.0
127,Rise Rise,48,113,15,246.0
128,Believe Love,29,52,6,329.0
129,Closer Ocean,256,103,6,315.0
130,Closer Dream,290,64,10,285.0
131,Run Alone,118,59,10,327.0
132,Light Fire,244,92,15,169.0
133,Alone Lost,144,101,11,294.0
134,Together Closer,92,12,8,
135,Beautiful Forever,107,110,11,342.0
136,Together Night,204,48,10,226.0
137,Beautiful Magic,124,108,5,249.0
138,Summer Rise,277,17,10,343.0
139,Higher Stars,41,89,8,238.0
140,Rain Magic,224,16,10,169.0
141,Time Summer,204,48,10,157.0
142,Memory Rain,231,33,7,241.0
143,Ocean Home,193,81,16,324.0
144,Night Time,195,81,11,308.0
145,Wonder Night,127,17,18,171.0
146,Wonder Freedom,195,81,11,312.0
147,Summer Falling,200,58,19,177.0
148,City Falling,158,110,18,344.0
149,Night Home,68,39,19,260.0
150,Higher Ocean,285,94,12,176.0
151,Lost Night,182,30,17,302.0
152,Closer Rise,167,15,9,153.0
153,Time Night,199,65,13,335.0
154,Beautiful Higher,125,40,15,193.0
155,Forever Light,87,66,1,227.0
156,Night Home,75,29,5,261.0
157,Memory Freedom,154,117,15,169.0
158,Stars Believe,127,17,18,276.0
159,City Dream,101,110,14,184.0
160,Summer Magic,203,57,15,308.0
161,City Summer,169,78,9,260.0
162,Heart Summer,70,85,3,304.0
163,Memory Summer,103,64,2,195.0
164,Heart Stars,164,53,12,327.0
165,Freedom Rain,295,72,7,233.0
166,Falling Dream,202,11,17,294.0
167,Home Again,280,6,19,346.0
168,Wonder Run,237,86,3,262.0
169,Magic Closer,36,3,20,353.0
170,Forever Believe,256,103,6,227.0
171,Wonder Ocean,79,6,14,352.0
172,Dance Memory,230,91,16,299.0
173,Together Together,260,18,17,327.0
174,Freedom Falling,19,82,9,329.0
175,Dance Believe,275,21,11,171.0
176,Again Again,128,22,9,240.0
177,Beautiful Believe,23,43,18,323.0
178,Freedom Ocean,170,40,11,
179,Rain Higher,133,14,8,341.0
180,Wonder Beautiful,298,44,18,206.0
181,City Time,201,65,5,323.0
182,Forever Falling,257,57,2,156.0
183,Ocean Together,152,94,17,171.0
184,Falling Heart,73,111,15,237.0
185,Higher Memory,106,34,11,239.0
186,Stars Wonder,225,19,14,265.0
187,Fire Freedom,154,117,15,331.0
188,Believe Dream,176,78,15,323.0
189,Higher Home,125,40,15,291.0
190,Ocean City,287,58,8,209.0
191,Home Believe,95,50,7,318.0
192,Stars Dance,15,72,8,200.0
193,Rise Love,220,25,12,330.0
194,Time Wonder,143,85,7,357.0
195,Dream Freedom,296,65,15,287.0
196,Run City,167,15,9,179.0
197,Higher Believe,251,78,6,230.0
198,Beautiful Dream,201,65,5,239.0
199,Dance Home,235,66,19,358.0
200,Together Dance,153,62,13,301.0
201,Summer Dream,69,79,4,211.0
202,Falling Wonder,94,54,16,186.0
203,Dance Forever,215,5,11,297.0
204,Memory Believe,96,9,9,287.0
205,Lost Home,89,57,2,275.0
206,Summer Magic,96,9,9,265.0
207,Love Memory,184,41,19,184.0
208,Lost Higher,197,10,10,317.0
209,Ocean Wonder,252,42,10,263.0
210,Beautiful Love,43,69,14,353.0
211,Fire Light,150,96,3,207.0
212,Time City,87,66,1,294.0
213,Lost Higher,254,117,12,178.0
214,Time Lost,138,70,14,360.0
215,Magic Time,278,22,19,160.0
216,Lost Run,226,120,1,258.0
217,Heart Closer,127,17,18,158.0
218,Closer Magic,179,77,2,172.0
219,Time Freedom,61,2,18,210.0
220,Closer Wonder,180,18,9,306.0
221,Dance Forever,85,37,13,350.0
222,Freedom Fire,106,34,11,295.0
223,Dance Lost,144,101,11,193.0
224,Heart Beautiful,150,96,3,218.0
225,Alone Again,264,16,5,358.0
226,Together Fire,211,117,17,220.0
227,Wonder Closer,65,74,2,183.0
228,Magic Rain,165,77,10,344.0
229,Memory Forever,202,11,17,297.0
230,Rise City,213,99,16,169.0
231,Rise Higher,48,113,15,341.0
232,City Memory,189,100,6,233.0
233,Stars City,48,113,15,312.0
234,Closer Night,184,41,19,353.0
235,Ocean Magic,112,19,8,204.0
236,Magic Heart,166,20,16,236.0
237,Beautiful Closer,67,77,20,274.0
238,Fire Dream,25,113,19,310.0
239,Love Dream,236,1,20,190.0
240,Ocean Run,1,56,3,326.0
241,Home Closer,155,9,5,220.0
242,Light Night,185,54,10,245.0
243,Fire Rise,85,37,13,310.0
244,Ocean Believe,120,3,13,173.0
245,Run Memory,1,56,3,169.0
246,Higher Again,116,60,10,
247,Magic Dream,176,78,15,258.0
248,Night Rain,245,26,2,248.0
249,Dream Summer,53,61,16,244.0
250,Rise Time,71,21,1,358.0
251,Believe Again,69,79,4,186.0
252,Love Dance,289,93,11,316.0
253,Stars Run,180,18,9,310.0
254,Dance Again,211,117,17,263.0
255,Alone Dream,45,82,15,185.0
256,Falling Ocean,197,10,10,230.0
257,Light Believe,127,17,18,171.0
258,Time Wonder,146,100,5,156.0
259,Run Higher,155,9,5,305.0
260,Heart Believe,201,65,5,163.0
261,Memory Rise,123,80,9,178.0
262,Higher Alone,37,15,19,153.0
263,Forever Rise,163,8,19,295.0
264,Again Home,280,6,19,345.0
265,Love Beautiful,38,48,6,
266,Fire Together,111,6,11,165.0
267,Higher Heart,204,48,10,310.0
268,Ocean Wonder,213,99,16,252.0
269,Lost Dance,275,21,11,189.0
270,Night Higher,159,53,11,202.0
271,Lost Summer,80,12,8,250.0
272,Heart Wonder,34,3,18,261.0
273,Fire Rain,123,80,9,172.0
274,City Dance,60,107,7,305.0
275,Dream Love,90,57,16,331.0
276,Home Memory,6,37,7,238.0
277,Home Falling,133,14,8,182.0
278,Stars Alone,138,70,14,180.0
279,Summer Freedom,16,68,18,259.0
280,Light Wonder,33,113,13,297.0
281,City Higher,255,8,3,242.0
282,Home Falling,291,59,8,190.0
283,Alone Beautiful,53,61,16,322.0
284,Stars Higher,117,45,19,150.0
285,Rain Fire,7,60,15,270.0
286,Home Together,77,57,4,159.0
287,Rain Summer,215,5,11,213.0
288,Light Magic,164,53,12,169.0
289,Higher Again,62,38,5,163.0
290,Fire Rise,265,12,11,167.0
291,Time Closer,145,9,18,229.0
292,City Love,284,27,11,244.0
293,Freedom Heart,289,93,11,339.0
294,Falling Beautiful,238,65,17,276.0
295,Stars Alone,101,110,14,289.0
296,Forever Love,126,12,10,
297,Falling Believe,278,22,19,327.0
298,Love Time,172,12,17,318.0
299,Dream Run,158,110,18,285.0
300,Memory Fire,215,5,11,186.0
301,Fire Together,48,113,15,209.0
302,Ocean Wonder,267,82,6,245.0
303,Beautiful Dream,44,44,1,279.0
304,Night Beautiful,202,11,17,295.0
305,Rain Heart,67,77,20,216.0
306,Wonder Magic,202,11,17,338.0
307,Light Rain,232,55,4,169.0
308,Time Time,70,85,3,299.0
309,Home City,55,71,17,269.0
310,Lost Falling,62,38,5,347.0
311,City Light,158,110,18,180.0
312,Magic Wonder,156,92,11,328.0
313,Magic Closer,111,6,11,233.0
314,Falling Rise,128,22,9,281.0
315,Light Magic,154,117,15,194.0
316,Closer City,208,19,12,292.0
317,Dream City,128,22,9,176.0
318,Dream Love,72,38,2,165.0
319,Forever Run,114,88,8,360.0
320,Beautiful Beautiful,44,44,1,216.0
321,Love Night,39,100,6,200.0
322,Freedom Forever,228,120,4,173.0
323,Dream Fire,170,40,11,268.0
324,Ocean Magic,294,47,13,335.0
325,Rise Again,16,68,18,259.0
326,Together Home,110,98,4,220.0
327,Fire Dance,77,57,4,308.0
328,Memory Ocean,152,94,17,290.0
329,Light Rise,45,82,15,185.0
330,Rain Believe,270,9,10,355.0
331,Rise Freedom,10,40,8,332.0
332,Freedom Memory,279,93,20,238.0
333,Summer Rise,258,47,13,219.0
334,Dance Rain,164,53,12,157.0
335,Fire Freedom,144,101,11,270.0
336,Rain Home,300,43,16,175.0
337,Light Lost,124,108,5,358.0
338,Time Rain,29,52,6,297.0
339,Falling Together,199,65,13,194.0
340,Freedom Stars,163,8,19,328.0
341,Wonder Wonder,15,72,8,240.0
342,Forever Beautiful,289,93,11,198.0
343,Lost Heart,253,22,15,194.0
344,Fire Rain,47,56,19,304.0
345,Memory Love,270,9,10,234.0
346,Freedom Forever,104,13,15,237.0
347,Fire Love,166,20,16,187.0
348,Time Dream,73,111,15,284.0
349,Falling Wonder,38,48,6,319.0
350,Summer Heart,52,31,14,232.0
351,Stars Ocean,81,87,9,352.0
352,Believe Summer,250,67,9,194.0
353,Wonder Alone,288,111,20,307.0
354,Again Beautiful,115,82,9,358.0
355,Stars Wonder,158,110,18,225.0
356,Wonder Beautiful,1,56,3,250.0
357,Fire Home,291,59,8,304.0
358,Believe Beautiful,114,88,8,176.0
359,Summer Stars,73,111,15,169.0
360,Home Believe,164,53,12,172.0
361,City Love,172,12,17,217.0
362,Falling Light,35,100,2,351.0
363,Fire Rise,1,56,3,262.0
364,Alone Ocean,86,41,9,276.0
365,Lost Rise,180,18,9,175.0
366,Believe Time,296,65,15,325.0
367,Night Freedom,232,55,4,158.0
368,Light Dream,164,53,12,168.0
369,Home Stars,193,81,16,169.0
370,Summer Dance,48,113,15,307.0
371,Ocean Believe,16,68,18,192.0
372,Home Fire,223,112,12,175.0
373,Ocean Wonder,98,85,16,291.0
374,Light Again,277,17,10,222.0
375,Fire Rise,50,28,12,296.0
376,Forever Fire,252,42,10,
377,Heart Magic,45,82,15,319.0
378,Run Dream,246,70,16,156.0
379,Night Memory,150,96,3,179.0
380,Memory Memory,204,48,10,319.0
381,Rise Home,279,93,20,244.0
382,Home City,190,66,7,161.0
383,Light Rain,239,82,13,218.0
384,Time Wonder,78,35,17,320.0
385,Freedom Lost,177,45,14,255.0
386,Lost Fire,117,45,19,249.0
387,Lost Again,215,5,11,271.0
388,Memory Heart,121,96,2,170.0
389,Higher Beautiful,18,111,16,282.0
390,Dream Time,76,102,10,264.0
391,Run Freedom,86,41,9,199.0
392,Night Again,217,116,6,261.0
393,Magic Dance,76,102,10,216.0
394,Night Rise,35,100,2,292.0
395,Closer Light,167,15,9,283.0
396,Freedom Wonder,7,60,15,309.0
397,Dream Ocean,215,5,11,188.0
398,Time Dream,299,52,17,177.0
399,Freedom Heart,52,31,14,287.0
400,Light Rise,211,117,17,317.0
401,Fire Home,243,90,16,220.0
402,Fire Rise,206,13,18,234.0
403,Stars Memory,26,97,13,218.0
404,Summer Magic,11,61,20,353.0
405,Magic Memory,144,101,11,328.0
406,Forever Heart,117,45,19,340.0
407,Light Stars,165,77,10,256.0
408,Run City,46,67,9,204.0
409,Stars Memory,209,17,20,344.0
410,Magic Fire,192,23,20,281.0
411,Heart Wonder,34,3,18,279.0
412,Alone Beautiful,269,74,12,157.0
413,Magic Fire,103,64,2,213.0
414,Together Falling,26,97,13,330.0
415,Magic City,189,100,6,279.0
416,Again Love,64,33,16,211.0
417,Home Closer,229,5,10,271.0
418,Falling Home,180,18,9,216.0
419,Heart Love,47,56,19,248.0
420,Time Run,293,69,1,206.0
421,Light Believe,106,34,11,254.0
422,Memory Together,5,79,19,183.0
423,Rain Light,5,79,19,305.0
424,Wonder Wonder,157,65,20,314.0
425,Closer Falling,193,81,16,267.0
426,Heart Again,239,82,13,283.0
427,Beautiful Dream,204,48,10,151.0
428,Lost Believe,192,23,20,302.0
429,Again Dream,153,62,13,273.0
430,Believe Summer,142,8,13,220.0
431,Run Forever,153,62,13,282.0
432,Freedom Closer,30,117,13,355.0
433,Again Summer,207,110,20,324.0
434,Believe Memory,14,55,8,225.0
435,Rise Rise,215,5,11,338.0
436,Magic Run,293,69,1,237.0
437,Again Lost,114,88,8,313.0
438,Higher Heart,184,41,19,193.0
439,Home Heart,286,72,4,174.0
440,Stars Freedom,133,14,8,293.0
441,Again Alone,94,54,16,235.0
442,Falling Rain,114,88,8,340.0
443,Freedom Alone,216,20,6,234.0
444,Heart City,300,43,16,180.0
445,Beautiful Dance,299,52,17,168.0
446,Higher Dream,100,112,7,324.0
447,Ocean Fire,153,62,13,188.0
448,Summer Ocean,103,64,2,295.0
449,Forever Summer,235,66,19,333.0
450,Memory Summer,42,88,20,311.0
451,Believe Fire,161,88,16,151.0
452,Time Time,108,92,16,193.0
453,Memory Freedom,82,67,15,345.0
454,Dance Ocean,67,77,20,312.0
455,Memory Rise,220,25,12,151.0
456,Stars Falling,103,64,2,153.0
457,Run Love,272,10,15,
458,Rain Wonder,128,22,9,238.0
459,Rise Higher,53,61,16,300.0
460,Magic Fire,34,3,18,226.0
461,Stars Higher,234,9,4,302.0
462,Alone Again,223,112,12,184.0
463,Falling Time,251,78,6,198.0
464,Love Rain,207,110,20,207.0
465,Run Stars,68,39,19,155.0
466,Dream Falling,87,66,1,332.0
467,Rise Alone,20,36,15,313.0
468,Dance Fire,274,65,2,302.0
469,Believe Magic,56,46,15,155.0
470,Ocean City,60,107,7,247.0
471,Memory Wonder,130,87,13,189.0
472,Heart Ocean,5,79,19,319.0
473,Light Dance,267,82,6,305.0
474,Magic Alone,215,5,11,176.0
475,Heart Dream,61,2,18,350.0
476,Dance Run,102,117,13,349.0
477,Run Falling,268,102,5,330.0
478,Fire Lost,83,105,16,277.0
479,Summer Rain,247,37,12,
480,Together Dream,46,67,9,296.0
481,Night Time,77,57,4,280.0
482,Alone Light,52,31,14,314.0
483,Light City,152,94,17,162.0
484,Closer Fire,90,57,16,224.0
485,Ocean Stars,161,88,16,179.0
486,Love Closer,24,54,13,185.0
487,Summer Falling,88,25,17,262.0
488,Alone Stars,138,70,14,173.0
489,Home Dream,176,78,15,252.0
490,Light Magic,234,9,4,248.0
491,Freedom Ocean,245,26,2,316.0
492,Dream Forever,86,41,9,328.0
493,Dream Ocean,82,67,15,301.0
494,Again City,292,37,16,196.0
495,Dance Love,184,41,19,325.0
496,Memory Together,67,77,20,274.0
497,City Fire,211,117,17,166.0
498,Love Wonder,161,88,16,323.0
499,Stars Beautiful,296,65,15,207.0
500,Higher Higher,174,11,2,326.0
501,Ocean Again,49,49,11,336.0
502,Again Again,178,63,17,314.0
503,Alone Dance,286,72,4,
504,Higher Closer,81,87,9,270.0
505,Night Time,85,37,13,275.0
506,Light Fire,170,40,11,279.0
507,Rise Magic,194,88,19,210.0
508,Freedom Beautiful,228,120,4,264.0
509,City Summer,256,103,6,180.0
510,Dream Rise,10,40,8,255.0
511,Love Magic,282,39,16,173.0
512,Alone Higher,156,92,11,293.0
513,Summer Falling,234,9,4,163.0
514,Summer Lost,233,7,8,346.0
515,Wonder Again,243,90,16,243.0
516,Dream Time,59,93,19,318.0
517,Falling Magic,175,87,3,312.0
518,Lost Higher,150,96,3,245.0
519,Alone Home,24,54,13,276.0
520,Dream Light,210,83,11,306.0
521,Together Closer,62,38,5,250.0
522,Wonder Summer,98,85,16,177.0
523,Together Believe,24,54,13,322.0
524,City Again,231,33,7,300.0
525,Memory Love,69,79,4,285.0
526,Together Ocean,284,27,11,299.0
527,Time Together,261,32,4,195.0
528,Stars Magic,89,57,2,182.0
529,Higher Alone,165,77,10,248.0
530,Light Rise,128,22,9,237.0
531,Freedom Forever,232,55,4,185.0
532,Heart Magic,263,58,7,329.0
533,Wonder Stars,161,88,16,291.0
534,Run Dance,103,64,2,332.0
535,Together Again,177,45,14,183.0
536,Higher Lost,92,12,8,327.0
537,Time Falling,60,107,7,293.0
538,Again Wonder,293,69,1,256.0
539,Heart Alone,274,65,2,258.0
540,Dream Love,268,102,5,247.0
541,Run Light,29,52,6,342.0
542,Again Light,147,70,9,187.0
543,Run Time,152,94,17,288.0
544,Dream Dance,232,55,4,322.0
545,Stars Believe,115,82,9,293.0
546,Freedom Freedom,262,50,18,354.0
547,Together Rise,25,113,19,249.0
548,Lost Fire,161,88,16,153.0
549,Dance Closer,104,13,15,349.0
550,Magic Rain,227,31,13,312.0
551,Time Beautiful,189,100,6,289.0
552,Time Stars,101,110,14,199.0
553,Again Night,91,31,6,197.0
554,Dream Rise,264,16,5,160.0
555,Light Forever,285,94,12,191.0
556,Love Summer,131,34,18,269.0
557,Fire Forever,80,12,8,232.0
558,Memory Freedom,155,9,5,296.0
559,Freedom Wonder,38,48,6,231.0
560,Higher Night,95,50,7,351.0
561,Lost Lost,213,99,16,253.0
562,Alone Run,114,88,8,319.0
563,Heart Run,185,54,10,342.0
564,Lost Magic,244,92,15,342.0
565,Dream Again,5,79,19,238.0
566,Fire Again,125,40,15,232.0
567,Rise Light,59,93,19,288.0
568,Together Higher,13,32,5,360.0
569,Freedom Higher,264,16,5,264.0
570,Alone Believe,152,94,17,199.0
571,Dream Home,43,69,14,347.0
572,Believe Night,4,25,14,203.0
573,Closer Again,110,98,4,258.0
574,Lost Magic,106,34,11,329.0
575,Believe Magic,223,112,12,168.0
576,Love City,79,6,14,333.0
577,Night Fire,45,82,15,195.0
578,Night Beautiful,286,72,4,360.0
579,Ocean Rise,133,14,8,265.0
580,Summer Love,222,26,20,249.0
581,Love Believe,274,65,2,334.0
582,Fire Wonder,300,43,16,168.0
583,Dream Heart,258,47,13,351.0
584,Heart Time,45,82,15,262.0
585,Memory Home,16,68,18,286.0
586,Freedom Freedom,201,65,5,289.0
587,Heart Again,74,102,19,353.0
588,Love Lost,192,23,20,292.0
589,Love Beautiful,22,50,5,302.0
590,Night Heart,281,80,1,203.0
591,Run Ocean,177,45,14,315.0
592,Home Home,73,111,15,206.0
593,Run Dream,130,87,13,196.0
594,Closer Fire,291,59,8,342.0
595,City Believe,282,39,16,290.0
596,Light Dream,35,100,2,200.0
597,Summer Falling,250,67,9,182.0
598,Dream Heart,121,96,2,308.0
599,Summer Memory,100,112,7,265.0
600,Wonder Beautiful,157,65,20,189.0
601,Freedom Summer,187,109,4,259.0
602,Rain Freedom,161,88,16,206.0
603,Light Magic,224,16,10,242.0
604,Alone Memory,170,40,11,268.0
605,Memory Lost,157,65,20,177.0
606,Magic Light,42,88,20,185.0
607,Light Stars,101,110,14,310.0
608,Alone Love,39,100,6,279.0
609,Beautiful Rise,298,44,18,346.0
610,Lost Light,19,82,9,289.0
611,Memory Believe,277,17,10,348.0
612,Rain Alone,201,65,5,347.0
613,Forever City,149,34,2,278.0
614,Falling Higher,204,48,10,152.0
615,Time Higher,85,37,13,185.0
616,Beautiful Beautiful,92,12,8,318.0
617,Stars Stars,75,29,5,273.0
618,Rain Time,21,43,11,274.0
619,Falling Rain,136,5,10,160.0
620,Together Freedom,266,70,10,242.0
621,Alone Fire,233,7,8,160.0
622,Dream Wonder,166,20,16,283.0
623,Magic Stars,141,47,4,217.0
624,Home Rise,292,37,16,317.0
625,Higher Light,40,74,13,246.0
626,Higher Rise,115,82,9,240.0
627,Memory Freedom,177,45,14,273.0
628,Higher Alone,4,25,14,185.0
629,Night Higher,118,59,10,314.0
630,Home Home,77,57,4,242.0
631,Again Rain,61,2,18,256.0
632,Memory Again,59,93,19,272.0
633,Believe Magic,83,105,16,
634,Forever Beautiful,23,43,18,301.0
635,Fire Alone,263,58,7,296.0
636,Light Together,86,41,9,196.0
637,Dance Beautiful,208,19,12,
638,Night Run,146,100,5,264.0
639,Closer Memory,242,70,11,193.0
640,Dance Forever,211,117,17,353.0
641,Dance Again,94,54,16,280.0
642,Together City,176,78,15,302.0
643,Rise Rise,118,59,10,183.0
644,Higher Closer,104,13,15,279.0
645,Dance Dream,77,57,4,195.0
646,Alone Freedom,20,36,15,286.0
647,Night Memory,61,2,18,318.0
648,Magic Love,277,17,10,348.0
649,Higher Ocean,221,37,13,244.0
650,Ocean Rain,272,10,15,355.0
651,Falling Beautiful,196,81,10,355.0
652,Dream Ocean,295,72,7,184.0
653,Together Closer,120,3,13,171.0
654,Ocean Light,279,93,20,
655,Beautiful Higher,4,25,14,180.0
656,Believe Run,193,81,16,326.0
657,Falling Dream,210,83,11,189.0
658,Light Light,300,43,16,287.0
659,Dance Light,188,11,13,324.0
660,Ocean Lost,105,19,14,350.0
661,Falling Lost,92,12,8,292.0
662,Beautiful Falling,158,110,18,348.0
663,Closer Closer,71,21,1,318.0
664,City Freedom,118,59,10,329.0
665,Run Higher,52,31,14,252.0
666,Dance Wonder,282,39,16,325.0
667,Rise Believe,83,105,16,151.0
668,Memory Together,75,29,5,303.0
669,Light Rain,33,113,13,244.0
670,Stars Rise,20,36,15,252.0
671,Heart Wonder,267,82,6,302.0
672,Believe Memory,90,57,16,
673,Heart Run,266,70,10,158.0
674,Higher Wonder,262,50,18,209.0
675,Falling Rain,19,82,9,
676,Night Light,81,87,9,349.0
677,Rise Beautiful,203,57,15,201.0
678,Together Night,36,3,20,290.0
679,Together Beautiful,287,58,8,239.0
680,Rain Dance,142,8,13,199.0
681,Beautiful Love,207,110,20,216.0
682,Dream Lost,260,18,17,168.0
683,Dream Freedom,175,87,3,281.0
684,Magic Freedom,276,109,3,297.0
685,Rise Beautiful,227,31,13,273.0
686,Time City,174,11,2,324.0
687,Memory Dream,15,72,8,216.0
688,Again Wonder,113,24,6,208.0
689,Falling Higher,212,47,1,
690,Rain Heart,135,60,10,173.0
691,Night Lost,176,78,15,195.0
692,Run Alone,182,30,17,296.0
693,Memory Stars,98,85,16,201.0
694,Closer Light,124,108,5,202.0
695,Magic Dance,128,22,9,241.0
696,Dream Together,55,71,17,170.0
697,Dance Love,253,22,15,345.0
698,Closer Memory,22,50,5,245.0
699,Alone Alone,253,22,15,297.0
700,Home Time,252,42,10,280.0
701,Time Beautiful,114,88,8,182.0
702,Memory Lost,217,116,6,158.0
703,Closer Again,202,11,17,348.0
704,Wonder Higher,62,38,5,267.0
705,Love Again,5,79,19,203.0
706,Summer Falling,52,31,14,306.0
707,Lost Light,96,9,9,210.0
708,Falling Home,176,78,15,277.0
709,Wonder Time,215,5,11,245.0
710,Light City,206,13,18,196.0
711,Again Rain,295,72,7,358.0
712,Freedom Rain,139,84,4,292.0
713,Run Forever,196,81,10,354.0
714,Memory Freedom,77,57,4,152.0
715,Forever Alone,256,103,6,311.0
716,Freedom Memory,162,56,4,226.0
717,Fire Rise,291,59,8,175.0
718,Run Magic,31,83,14,215.0
719,City Stars,50,28,12,235.0
720,Lost Lost,185,54,10,357.0
721,Ocean Dream,11,61,20,239.0
722,Beautiful Beautiful,102,117,13,316.0
723,Time Heart,90,57,16,240.0
724,Memory Time,262,50,18,338.0
725,Rise Dance,41,89,8,223.0
726,Closer Home,75,29,5,313.0
727,Ocean Believe,173,21,12,306.0
728,Night Home,37,15,19,237.0
729,Believe Heart,163,8,19,331.0
730,Light Alone,203,57,15,263.0
731,Stars Beautiful,186,103,20,283.0
732,Home Home,212,47,1,155.0
733,Again Light,121,96,2,340.0
734,Run Home,41,89,8,251.0
735,Together Alone,33,113,13,271.0
736,Time Rise,14,55,8,284.0
737,Dream Light,43,69,14,308.0
738,Heart Rain,200,58,19,213.0
739,Believe Forever,227,31,13,183.0
740,Love Fire,88,25,17,319.0
741,Closer Memory,167,15,9,269.0
742,Together Light,277,17,10,290.0
743,Home Beautiful,277,17,10,302.0
744,Ocean Higher,289,93,11,313.0
745,Together Falling,159,53,11,273.0
746,City Heart,46,67,9,243.0
747,Heart Love,80,12,8,150.0
748,Falling Heart,70,85,3,270.0
749,Time Memory,252,42,10,
750,Freedom Heart,221,37,13,302.0
751,Lost Falling,4,25,14,198.0
752,Ocean Rise,288,111,20,213.0
753,Magic Rise,200,58,19,206.0
754,Believe Rain,217,116,6,282.0
755,Heart Believe,140,89,12,340.0
756,Ocean Run,138,70,14,167.0
757,Dream Believe,149,34,2,266.0
758,Wonder Dance,140,89,12,275.0
759,Forever Fire,10,40,8,
760,Heart Light,53,61,16,182.0
761,Rain Night,5,79,19,
762,Summer Ocean,112,19,8,229.0
763,Falling City,256,103,6,328.0
764,Night Magic,170,40,11,342.0
765,Light Time,29,52,6,250.0
766,Home Run,241,14,19,214.0
767,Dream Time,7,60,15,332.0
768,Rain Stars,227,31,13,158.0
769,Higher Again,49,49,11,203.0
770,Together Summer,160,41,14,190.0
771,Stars Together,22,50,5,290.0
772,Memory Believe,130,87,13,226.0
773,Closer Again,27,103,20,205.0
774,Believe Ocean,121,96,2,
775,Beautiful Dream,142,8,13,251.0
776,Fire Beautiful,5,79,19,350.0
777,Falling Time,80,12,8,172.0
778,Night Again,256,103,6,308.0
779,Fire Falling,31,83,14,315.0
780,Freedom Dream,275,21,11,182.0
781,Lost Freedom,163,8,19,315.0
782,Stars Run,225,19,14,155.0
783,Stars Forever,184,41,19,214.0
784,Wonder City,249,44,6,293.0
785,Run Beautiful,251,78,6,197.0
786,Stars City,166,20,16,220.0
787,Home Night,284,27,11,285.0
788,Magic Light,152,94,17,288.0
789,Time Believe,1,56,3,279.0
790,Alone Love,95,50,7,308.0
791,Summer Stars,123,80,9,166.0
792,Magic Rise,276,109,3,198.0
793,Time Lost,255,8,3,189.0
794,Ocean Believe,166,20,16,232.0
795,Again Night,268,102,5,161.0
796,Home Closer,67,77,20,158.0
797,Run Dream,249,44,6,158.0
798,Again Memory,199,65,13,284.0
799,Fire Falling,132,87,9,206.0
800,Love Together,37,15,19,203.0
801,City Freedom,41,89,8,313.0
802,Stars Alone,286,72,4,256.0
803,Magic Dance,30,117,13,218.0
804,Magic Heart,37,15,19,169.0
805,Dream Dream,266,70,10,335.0
806,Run Run,198,107,10,284.0
807,Believe Home,292,37,16,292.0
808,Stars Dream,213,99,16,346.0
809,Again City,184,41,19,329.0
810,Home Freedom,54,52,8,196.0
811,Summer Again,259,58,12,190.0
812,Together Falling,227,31,13,230.0
813,Closer Falling,167,15,9,255.0
814,Magic Stars,221,37,13,232.0
815,Lost Run,289,93,11,246.0
816,Falling City,131,34,18,264.0
817,Stars Fire,1,56,3,222.0
818,Forever Alone,266,70,10,
819,Run Closer,114,88,8,
820,Together Lost,142,8,13,280.0
821,Forever Dream,293,69,1,159.0
822,Forever Light,80,12,8,243.0
823,Rain Light,128,22,9,357.0
824,Rise Beautiful,293,69,1,205.0
825,Freedom Memory,167,15,9,194.0
826,Magic Together,296,65,15,174.0
827,Fire Stars,154,117,15,356.0
828,Time Fire,41,89,8,347.0
829,Ocean Together,223,112,12,180.0
830,Stars Believe,117,45,19,304.0
831,Fire Heart,196,81,10,284.0
832,Beautiful Forever,277,17,10,233.0
833,Forever Fire,114,88,8,322.0
834,City Time,202,11,17,302.0
835,Rain Ocean,47,56,19,224.0
836,Forever Summer,76,102,10,171.0
837,Lost Rise,26,97,13,217.0
838,Ocean Time,257,57,2,328.0
839,Memory Lost,70,85,3,200.0
840,Run Lost,293,69,1,307.0
841,Rain Rain,269,74,12,168.0
842,Summer Again,221,37,13,297.0
843,Ocean Falling,212,47,1,239.0
844,Dance Believe,177,45,14,156.0
845,Falling Dance,87,66,1,360.0
846,Dance Forever,227,31,13,262.0
847,Run Again,120,3,13,245.0
848,Dream Stars,44,44,1,163.0
849,Closer Magic,76,102,10,359.0
850,Wonder Freedom,176,78,15,178.0
851,Love Summer,242,70,11,203.0
852,Run Lost,109,81,10,283.0
853,Memory Dance,281,80,1,336.0
854,Rise Beautiful,10,40,8,319.0
855,Home Fire,131,34,18,222.0
856,Fire City,139,84,4,317.0
857,Rise Again,35,100,2,219.0
858,Closer Dream,185,54,10,154.0
859,Rain Rise,198,107,10,280.0
860,Alone Summer,51,113,9,274.0
861,Night Home,273,113,18,200.0
862,Lost Together,235,66,19,
863,Together Higher,127,17,18,228.0
864,Stars Home,202,11,17,154.0
865,Falling Believe,181,96,14,227.0
866,Light Freedom,257,57,2,165.0
867,Alone Magic,199,65,13,157.0
868,Rain Forever,144,101,11,237.0
869,Night Stars,71,21,1,247.0
870,Ocean Rain,117,45,19,296.0
871,Together Dance,160,41,14,234.0
872,Run Believe,68,39,19,185.0
873,Closer Forever,104,13,15,229.0
874,Together Forever,269,74,12,260.0
875,Believe Together,75,29,5,294.0
876,Night Lost,163,8,19,286.0
877,Home Summer,61,2,18,187.0
878,Alone Ocean,164,53,12,255.0
879,Forever Time,141,47,4,198.0
880,Love Time,95,50,7,306.0
881,Dance Rain,291,59,8,302.0
882,Falling Night,14,55,8,326.0
883,Higher Closer,69,79,4,304.0
884,Home Closer,192,23,20,249.0
885,Home Run,71,21,1,207.0
886,Together Light,8,102,6,255.0
887,Time Run,104,13,15,166.0
888,Closer Dance,225,19,14,275.0
889,Alone Rain,235,66,19,259.0
890,Dance Stars,22,50,5,247.0
891,Dance Stars,202,11,17,296.0
892,Believe Alone,269,74,12,330.0
893,Dream City,267,82,6,266.0
894,Alone Rain,22,50,5,282.0
895,Lost Rise,21,43,11,282.0
896,Run Heart,26,97,13,262.0
897,Time Magic,156,92,11,223.0
898,Heart Dance,217,116,6,163.0
899,City Magic,73,111,15,315.0
900,Dream Home,257,57,2,349.0
901,Forever Rise,280,6,19,255.0
902,Home City,13,32,5,301.0
903,Alone City,104,13,15,173.0
904,Wonder Stars,84,42,4,181.0
905,Believe Falling,231,33,7,171.0
906,Stars Freedom,197,10,10,280.0
907,Rise Lost,82,67,15,247.0
908,Together Summer,88,25,17,294.0
909,Home Closer,77,57,4,187.0
910,Ocean Heart,27,103,20,229.0
911,Heart Believe,229,5,10,196.0
912,Run Love,68,39,19,309.0
913,City Memory,7,60,15,277.0
914,Dance Alone,3,53,11,276.0
915,City Ocean,244,92,15,263.0
916,Rain Alone,4,25,14,290.0
917,Magic Magic,286,72,4,203.0
918,Fire Believe,76,102,10,239.0
919,Again Beautiful,17,105,17,304.0
920,Fire Dream,45,82,15,256.0
921,Again Heart,83,105,16,306.0
922,Freedom Lost,294,47,13,195.0
923,Falling Together,297,79,4,159.0
924,Summer Falling,154,117,15,247.0
925,Magic Lost,219,58,8,166.0
926,Dream Wonder,69,79,4,220.0
927,Higher Run,212,47,1,328.0
928,Dream Beautiful,30,117,13,336.0
929,Night Memory,271,53,14,335.0
930,Ocean Dance,148,2,12,231.0
931,Dance Falling,295,72,7,183.0
932,Higher Stars,255,8,3,311.0
933,Alone Dance,93,20,16,209.0
934,Love Dream,100,112,7,156.0
935,Stars Closer,61,2,18,203.0
936,Ocean Fire,213,99,16,235.0
937,Love Believe,109,81,10,201.0
938,Freedom Night,131,34,18,228.0
939,Summer Time,282,39,16,151.0
940,Summer Rise,171,85,13,335.0
941,Magic Home,15,72,8,199.0
942,Together Again,174,11,2,272.0
943,Believe Forever,19,82,9,273.0
944,Alone Closer,236,1,20,287.0
945,Freedom Magic,237,86,3,255.0
946,Magic Higher,29,52,6,226.0
947,Lost Lost,162,56,4,154.0
948,Freedom Together,170,40,11,353.0
949,Light Magic,77,57,4,157.0
950,Believe Lost,193,81,16,192.0
951,Home Dance,200,58,19,179.0
952,Wonder Closer,158,110,18,230.0
953,Ocean Night,140,89,12,277.0
954,City Magic,191,83,5,227.0
955,Home Dream,155,9,5,245.0
956,Together Night,104,13,15,263.0
957,Alone Higher,248,16,12,189.0
958,Stars Closer,248,16,12,284.0
959,Forever Time,168,72,20,175.0
960,Again Forever,265,12,11,202.0
961,Rise Wonder,236,1,20,283.0
962,Together Fire,160,41,14,325.0
963,Summer City,45,82,15,161.0
964,Love Beautiful,160,41,14,344.0
965,Summer Run,108,92,16,199.0
966,Summer Time,273,113,18,262.0
967,Forever Home,140,89,12,220.0
968,Higher Dream,287,58,8,202.0
969,Summer Light,282,39,16,186.0
970,Beautiful Rain,146,100,5,193.0
971,Lost City,174,11,2,162.0
972,Alone Again,242,70,11,162.0
973,Night Ocean,28,63,1,250.0
974,Dance Falling,229,5,10,229.0
975,Wonder Time,102,117,13,321.0
976,Together Time,41,89,8,345.0
977,Night Magic,68,39,19,355.0
978,Dream City,240,101,3,229.0
979,Memory Rain,239,82,13,207.0
980,Together Falling,133,14,8,250.0
981,Freedom Closer,170,40,11,233.0
982,Night Memory,16,68,18,178.0
983,Closer Home,237,86,3,222.0
984,Forever Higher,295,72,7,176.0
985,Summer Lost,55,71,17,316.0
986,Lost City,155,9,5,252.0
987,Dance Rain,123,80,9,290.0
988,Rise Night,247,37,12,237.0
989,Freedom Ocean,221,37,13,295.0
990,Wonder Rain,279,93,20,194.0
991,Stars Together,40,74,13,332.0
992,Dream Beautiful,250,67,9,302.0
993,Dream Magic,285,94,12,263.0
994,Night Dance,208,19,12,177.0
995,Summer Memory,195,81,11,315.0
996,Run Magic,47,56,19,185.0
997,Time Forever,1,56,3,319.0
998,Heart Rise,273,113,18,307.0
999,Run Again,101,110,14,231.0
1000,Together Together,156,92,11,261.0
1001,Night Beautiful,177,45,14,152.0
1002,Rise Closer,262,50,18,182.0
1003,Falling Alone,32,49,11,290.0
1004,Wonder Lost,1,56,3,360.0
1005,Closer Heart,57,93,7,157.0
1006,Believe Summer,202,11,17,332.0
1007,Ocean Lost,196,81,10,204.0
1008,Forever Run,244,92,15,292.0
1009,Magic Ocean,185,54,10,189.0
1010,Forever Love,65,74,2,168.0
1011,Stars Alone,74,102,19,274.0
1012,Night Forever,70,85,3,314.0
1013,Alone Freedom,234,9,4,328.0
1014,Dance Home,218,87,8,266.0
1015,Magic City,283,10,2,248.0
1016,Ocean Dance,96,9,9,151.0
1017,Wonder Higher,122,103,8,218.0
1018,Beautiful Falling,280,6,19,158.0
1019,Memory Wonder,291,59,8,244.0
1020,Wonder Night,247,37,12,186.0
1021,Closer Time,270,9,10,349.0
1022,Night Higher,265,12,11,306.0
1023,Believe Stars,242,70,11,319.0
1024,Again Believe,40,74,13,288.0
1025,Dance Fire,160,41,14,237.0
1026,Memory City,6,37,7,281.0
1027,Stars Summer,294,47,13,257.0
1028,Heart Home,151,76,4,159.0
1029,Stars Freedom,156,92,11,294.0
1030,Beautiful Home,243,90,16,296.0
1031,Freedom Stars,150,96,3,309.0
1032,Night Forever,249,44,6,279.0
1033,Light Forever,143,85,7,307.0
1034,Love Stars,132,87,9,178.0
1035,Again City,78,35,17,244.0
1036,Freedom Wonder,134,118,20,210.0
1037,Closer Fire,271,53,14,237.0
1038,Dance Together,75,29,5,360.0
1039,Time Ocean,254,117,12,347.0
1040,Stars Believe,226,120,1,192.0
1041,Fire Believe,177,45,14,217.0
1042,Fire Home,60,107,7,268.0
1043,Memory Stars,155,9,5,342.0
1044,Rise Again,120,3,13,330.0
1045,Forever Higher,135,60,10,
1046,Rise Again,230,91,16,230.0
1047,Dream Together,22,50,5,286.0
1048,Dance Together,222,26,20,316.0
1049,Light Light,172,12,17,355.0
1050,Rise City,300,43,16,347.0
1051,Stars Again,124,108,5,300.0
1052,Summer Again,267,82,6,326.0
1053,Lost Love,161,88,16,
1054,Love Ocean,35,100,2,175.0
1055,Falling Rain,229,5,10,335.0
1056,Fire Love,99,43,18,308.0
1057,Dance Believe,112,19,8,181.0
1058,Night Closer,62,38,5,304.0
1059,Freedom Home,290,64,10,178.0
1060,Heart City,130,87,13,319.0
1061,Together Light,233,7,8,346.0
1062,Light Home,166,20,16,349.0
1063,Rise Rise,32,49,11,235.0
1064,Magic Light,133,14,8,195.0
1065,Together Run,252,42,10,306.0
1066,Dream Forever,252,42,10,288.0
1067,Dance Believe,112,19,8,177.0
1068,Dream Fire,133,14,8,168.0
1069,Time City,129,15,15,154.0
1070,Believe Believe,77,57,4,150.0
1071,Light Forever,200,58,19,329.0
1072,Beautiful Love,201,65,5,281.0
1073,Memory Ocean,252,42,10,253.0
1074,Lost Rain,36,3,20,150.0
1075,Dream Beautiful,247,37,12,287.0
1076,Summer Again,184,41,19,227.0
1077,Falling Lost,47,56,19,237.0
1078,Time Time,236,1,20,224.0
1079,Lost Fire,91,31,6,248.0
1080,Wonder Rise,154,117,15,177.0
1081,Memory Night,184,41,19,311.0
1082,Forever Fire,98,85,16,199.0
1083,Memory Rise,123,80,9,166.0
1084,Memory Lost,158,110,18,357.0
1085,Fire Summer,9,82,20,164.0
1086,Rise Dream,22,50,5,204.0
1087,City Again,268,102,5,287.0
1088,Rain Together,297,79,4,168.0
1089,Memory Believe,73,111,15,154.0
1090,Rain Wonder,24,54,13,316.0
1091,Believe Fire,89,57,2,228.0
1092,City Dance,50,28,12,193.0
1093,Magic Magic,33,113,13,177.0
1094,Night Freedom,113,24,6,201.0
1095,Summer Dream,206,13,18,325.0
1096,Summer Magic,71,21,1,353.0
1097,Beautiful Home,24,54,13,235.0
1098,Forever Time,141,47,4,256.0
1099,Lost Home,190,66,7,262.0
1100,Fire Forever,298,44,18,175.0
1101,Time Home,193,81,16,154.0
1102,Love Love,42,88,20,195.0
1103,Ocean Wonder,146,100,5,356.0
1104,Wonder Forever,244,92,15,202.0
1105,Higher City,139,84,4,255.0
1106,Dance Wonder,90,57,16,159.0
1107,Dance Night,256,103,6,310.0
1108,Falling Ocean,155,9,5,151.0
1109,Dream Higher,99,43,18,174.0
1110,Higher Rain,277,17,10,268.0
1111,Light Fire,107,110,11,199.0
1112,Again Closer,77,57,4,271.0
1113,Again Together,82,67,15,161.0
1114,Heart Run,187,109,4,261.0
1115,Fire Dream,233,7,8,339.0
1116,Home Home,276,109,3,351.0
1117,Dream Night,264,16,5,210.0
1118,Summer Ocean,297,79,4,200.0
1119,Rain Time,167,15,9,178.0
1120,Rain Stars,51,113,9,255.0
1121,Alone Rain,193,81,16,168.0
1122,Fire Alone,249,44,6,261.0
1123,Home Rise,233,7,8,245.0
1124,Believe Falling,100,112,7,219.0
1125,Fire Wonder,66,11,8,295.0
1126,Dream Closer,70,85,3,269.0
1127,Time Summer,88,25,17,206.0
1128,Freedom Freedom,81,87,9,313.0
1129,Beautiful Lost,88,25,17,208.0
1130,Memory Closer,268,102,5,205.0
1131,Light Love,237,86,3,336.0
1132,Rain Summer,127,17,18,261.0
1133,Together Beautiful,77,57,4,151.0
1134,Fire Memory,23,43,18,337.0
1135,Ocean Higher,18,111,16,250.0
1136,City Memory,51,113,9,211.0
1137,Wonder Stars,7,60,15,254.0
1138,Falling Heart,68,39,19,211.0
1139,Love Memory,47,56,19,321.0
1140,Closer Beautiful,236,1,20,341.0
1141,City Time,233,7,8,185.0
1142,Home Freedom,208,19,12,244.0
1143,Closer Believe,1,56,3,168.0
1144,Higher Fire,171,85,13,225.0
1145,Wonder Dance,139,84,4,288.0
1146,Freedom Again,107,110,11,170.0
1147,Stars Together,172,12,17,164.0
1148,Alone Fire,187,109,4,178.0
1149,Dance Fire,239,82,13,243.0
1150,Wonder Night,287,58,8,293.0
1151,Forever Summer,105,19,14,211.0
1152,Stars Time,245,26,2,298.0
1153,Time Stars,108,92,16,344.0
1154,Alone Light,181,96,14,278.0
1155,Fire Night,142,8,13,245.0
1156,Higher Higher,249,44,6,181.0
1157,Again Magic,273,113,18,286.0
1158,Dance Falling,232,55,4,354.0
1159,Run Alone,34,3,18,267.0
1160,Alone Home,201,65,5,223.0
1161,Dream Home,40,74,13,220.0
1162,Memory Forever,76,102,10,202.0
1163,Heart Ocean,12,74,7,324.0
1164,Memory Falling,68,39,19,257.0
1165,Heart Run,11,61,20,
1166,Magic Higher,119,49,19,315.0
1167,Summer Believe,297,79,4,315.0
1168,Beautiful Again,249,44,6,328.0
1169,City City,281,80,1,227.0
1170,Home Freedom,157,65,20,216.0
1171,Heart Time,191,83,5,162.0
1172,City Home,146,100,5,308.0
1173,Heart Home,275,21,11,194.0
1174,Home Rain,79,6,14,179.0
1175,Beautiful Forever,163,8,19,262.0
1176,Run Lost,95,50,7,331.0
1177,Falling Forever,163,8,19,245.0
1178,Lost Heart,84,42,4,181.0
1179,Together Memory,208,19,12,346.0
1180,Together Summer,235,66,19,
1181,Higher Summer,280,6,19,315.0
1182,Alone Heart,243,90,16,343.0
1183,Again Forever,294,47,13,354.0
1184,Summer Wonder,227,31,13,178.0
1185,Forever Again,21,43,11,291.0
1186,Rise Dance,13,32,5,206.0
1187,Summer Fire,48,113,15,305.0
1188,Higher Rain,299,52,17,350.0
1189,Run Love,143,85,7,171.0
1190,Again Again,229,5,10,172.0
1191,Run Memory,202,11,17,231.0
1192,Fire Together,262,50,18,320.0
1193,Wonder Closer,76,102,10,259.0
1194,Love Heart,191,83,5,238.0
1195,Closer Lost,229,5,10,172.0
1196,Stars Ocean,228,120,4,355.0
1197,Freedom Stars,84,42,4,258.0
1198,Forever Magic,213,99,16,300.0
1199,Run Heart,74,102,19,271.0
1200,Summer Night,269,74,12,301.0
